timestamp,campaign,impressions,clicks,conversions,spend
2021-01-01 00:00,Display,660446,65597,5185,1604769.0
2021-01-01 00:00,Email,604445,53396,4659,1312063.0
2021-01-01 00:00,Influencer,566873,59765,5023,1310955.0
2021-01-01 00:00,Search,552124,53054,3818,1227642.0
2021-01-01 00:00,Social Media,643212,55336,4504,1443369.0
2021-01-02 00:00,Display,617603,65105,5294,1385776.0
2021-01-02 00:00,Email,596395,64403,5486,1416304.0
2021-01-02 00:00,Influencer,492484,48325,3596,1209155.0
2021-01-02 00:00,Search,618654,62027,4494,1471211.0
2021-01-02 00:00,Social Media,674793,60456,4685,1507284.0
2021-01-03 00:00,Display,646353,59942,5041,1347839.0
2021-01-03 00:00,Email,599917,58153,4640,1353976.0
2021-01-03 00:00,Influencer,505752,46140,3376,1151018.0
2021-01-03 00:00,Search,737567,75498,6100,1675106.0
2021-01-03 00:00,Social Media,619354,63194,4686,1426570.0
2021-01-04 00:00,Display,605472,66571,5682,1481981.0
2021-01-04 00:00,Email,520856,55213,4605,1237845.0
2021-01-04 00:00,Influencer,505053,49316,3832,1292853.0
2021-01-04 00:00,Search,613309,55942,4598,1440393.0
2021-01-04 00:00,Social Media,652290,66932,5012,1374349.0
2021-01-05 00:00,Display,643753,63915,5244,1535110.0
2021-01-05 00:00,Email,706792,71142,5998,1663676.0
2021-01-05 00:00,Influencer,498525,53050,4329,1235830.0
2021-01-05 00:00,Search,496644,60565,4676,1329137.0
2021-01-05 00:00,Social Media,567157,61052,5225,1331142.0
2021-01-06 00:00,Display,621955,57626,4718,1387680.0
2021-01-06 00:00,Email,533640,50064,4279,1158381.0
2021-01-06 00:00,Influencer,636889,62948,5608,1346614.0
2021-01-06 00:00,Search,577592,64911,5321,1390158.0
2021-01-06 00:00,Social Media,636458,65049,5364,1532530.0
2021-01-07 00:00,Display,577743,60274,4866,1232588.0
2021-01-07 00:00,Email,631428,59714,4961,1451168.0
2021-01-07 00:00,Influencer,495607,47460,3648,1098074.0
2021-01-07 00:00,Search,749116,74991,6286,1579482.0
2021-01-07 00:00,Social Media,579756,52406,4455,1201009.0
2021-01-08 00:00,Display,528096,56615,4769,1242060.0
2021-01-08 00:00,Email,698593,65921,5141,1534038.0
2021-01-08 00:00,Influencer,594072,61303,4469,1405033.0
2021-01-08 00:00,Search,604940,64043,4898,1409437.0
2021-01-08 00:00,Social Media,606675,59518,4390,1226530.0
2021-01-09 00:00,Display,610947,62481,4723,1387382.0
2021-01-09 00:00,Email,542241,57596,4166,1298009.0
2021-01-09 00:00,Influencer,571868,56691,4071,1220495.0
2021-01-09 00:00,Search,609581,62266,4773,1483849.0
2021-01-09 00:00,Social Media,596577,62202,4810,1477356.0
2021-01-10 00:00,Display,746854,67558,5398,1552719.0
2021-01-10 00:00,Email,660280,64477,5319,1409934.0
2021-01-10 00:00,Influencer,568216,55053,4890,1252121.0
2021-01-10 00:00,Search,591487,58223,4994,1235492.0
2021-01-10 00:00,Social Media,553206,60289,4616,1433623.0
2021-01-11 00:00,Display,545153,56904,4523,1306704.0
2021-01-11 00:00,Email,629068,60847,4953,1418239.0
2021-01-11 00:00,Influencer,685934,67064,5400,1490826.0
2021-01-11 00:00,Search,575576,57850,4652,1322692.0
2021-01-11 00:00,Social Media,605124,60886,5237,1304417.0
2021-01-12 00:00,Display,609469,62963,5020,1393696.0
2021-01-12 00:00,Email,576604,65094,5279,1403453.0
2021-01-12 00:00,Influencer,582566,61186,4761,1301042.0
2021-01-12 00:00,Search,643944,67756,5448,1481977.0
2021-01-12 00:00,Social Media,560344,55639,4260,1295314.0
2021-01-13 00:00,Display,646697,66637,4892,1515479.0
2021-01-13 00:00,Email,551908,55430,3881,1306419.0
2021-01-13 00:00,Influencer,587640,60134,4756,1333057.0
2021-01-13 00:00,Search,670187,70671,5937,1563134.0
2021-01-13 00:00,Social Media,535241,54207,4540,1278750.0
2021-01-14 00:00,Display,563932,65259,5203,1356760.0
2021-01-14 00:00,Email,612690,56245,4908,1332419.0
2021-01-14 00:00,Influencer,717923,69154,5524,1499054.0
2021-01-14 00:00,Search,567919,57679,5001,1289775.0
2021-01-14 00:00,Social Media,557277,56515,4038,1292988.0
2021-01-15 00:00,Display,557707,58184,4524,1333285.0
2021-01-15 00:00,Email,639994,68785,5751,1510946.0
2021-01-15 00:00,Influencer,607120,62268,4880,1417252.0
2021-01-15 00:00,Search,550388,50467,3843,1246106.0
2021-01-15 00:00,Social Media,625570,62836,5190,1423030.0
2021-01-16 00:00,Display,569936,64465,4818,1345169.0
2021-01-16 00:00,Email,658136,62620,4528,1578704.0
2021-01-16 00:00,Influencer,545990,54000,4570,1212791.0
2021-01-16 00:00,Search,549308,56685,4842,1252383.0
2021-01-16 00:00,Social Media,625686,73857,6160,1456267.0
2021-01-17 00:00,Display,520960,56205,4620,1166615.0
2021-01-17 00:00,Email,562999,59657,4494,1279941.0
2021-01-17 00:00,Influencer,636750,61015,5170,1420745.0
2021-01-17 00:00,Search,695400,69371,6081,1531471.0
2021-01-17 00:00,Social Media,553312,54764,4731,1312640.0
2021-01-18 00:00,Display,558458,56588,4568,1249819.0
2021-01-18 00:00,Email,576390,60981,4672,1278932.0
2021-01-18 00:00,Influencer,633819,55744,4752,1399717.0
2021-01-18 00:00,Search,661362,70167,5654,1600636.0
2021-01-18 00:00,Social Media,586655,60416,4796,1464015.0
2021-01-19 00:00,Display,528064,58903,4759,1281067.0
2021-01-19 00:00,Email,653065,65153,5348,1357295.0
2021-01-19 00:00,Influencer,631138,56489,4213,1370488.0
2021-01-19 00:00,Search,630994,66632,5365,1414590.0
2021-01-19 00:00,Social Media,619179,55928,4611,1379304.0
2021-01-20 00:00,Display,676972,66302,5592,1512110.0
2021-01-20 00:00,Email,676059,67578,5558,1461898.0
2021-01-20 00:00,Influencer,523585,53515,4346,1322784.0
2021-01-20 00:00,Search,556842,57304,4841,1307661.0
2021-01-20 00:00,Social Media,488044,52801,4271,1197127.0
2021-01-21 00:00,Display,581614,57917,4363,1309372.0
2021-01-21 00:00,Email,566346,55517,4521,1287305.0
2021-01-21 00:00,Influencer,648629,64679,5207,1416047.0
2021-01-21 00:00,Search,579314,55400,4246,1283878.0
2021-01-21 00:00,Social Media,630679,64173,4741,1321517.0
2021-01-22 00:00,Display,694767,65886,5230,1459602.0
2021-01-22 00:00,Email,536766,54054,4286,1186548.0
2021-01-22 00:00,Influencer,623099,62139,4850,1429905.0
2021-01-22 00:00,Search,593024,54747,4146,1311623.0
2021-01-22 00:00,Social Media,554535,59053,5141,1387496.0
2021-01-23 00:00,Display,593069,56418,4421,1379981.0
2021-01-23 00:00,Email,574895,62602,5004,1335171.0
2021-01-23 00:00,Influencer,731592,64304,5000,1470464.0
2021-01-23 00:00,Search,546876,54149,4244,1227662.0
2021-01-23 00:00,Social Media,670977,64816,5337,1381679.0
2021-01-24 00:00,Display,590982,56053,4430,1347601.0
2021-01-24 00:00,Email,583259,56288,4380,1395691.0
2021-01-24 00:00,Influencer,741766,70506,5608,1494316.0
2021-01-24 00:00,Search,623829,58283,4355,1235948.0
2021-01-24 00:00,Social Media,523871,56418,4413,1320901.0
2021-01-25 00:00,Display,691900,64849,5248,1435401.0
2021-01-25 00:00,Email,538347,61193,4393,1302465.0
2021-01-25 00:00,Influencer,467568,47911,3943,1130945.0
2021-01-25 00:00,Search,586572,61870,5170,1394653.0
2021-01-25 00:00,Social Media,633669,70132,5846,1601008.0
2021-01-26 00:00,Display,626820,60964,4885,1436436.0
2021-01-26 00:00,Email,612365,66280,5279,1378046.0
2021-01-26 00:00,Influencer,556804,53008,4170,1202894.0
2021-01-26 00:00,Search,484872,53120,3423,1208948.0
2021-01-26 00:00,Social Media,666386,64686,5233,1582014.0
2021-01-27 00:00,Display,577198,54483,4272,1290051.0
2021-01-27 00:00,Email,610575,66129,5265,1360261.0
2021-01-27 00:00,Influencer,563763,58758,5110,1427291.0
2021-01-27 00:00,Search,655322,62786,4995,1488913.0
2021-01-27 00:00,Social Media,579678,52461,4372,1194418.0
2021-01-28 00:00,Display,652137,64194,5552,1503338.0
2021-01-28 00:00,Email,559016,58430,5038,1331852.0
2021-01-28 00:00,Influencer,563044,56373,4610,1288071.0
2021-01-28 00:00,Search,636582,61189,4865,1557808.0
2021-01-28 00:00,Social Media,579932,58193,5055,1289688.0
2021-01-29 00:00,Display,649911,60005,4415,1397376.0
2021-01-29 00:00,Email,507731,58523,4481,1161929.0
2021-01-29 00:00,Influencer,617985,53773,4370,1341969.0
2021-01-29 00:00,Search,617636,69835,6115,1587254.0
2021-01-29 00:00,Social Media,596340,59607,4699,1278398.0
2021-01-30 00:00,Display,556583,57554,4167,1303395.0
2021-01-30 00:00,Email,583970,61121,4693,1336349.0
2021-01-30 00:00,Influencer,582048,65259,5550,1416203.0
2021-01-30 00:00,Search,570191,55805,4052,1298974.0
2021-01-30 00:00,Social Media,554121,56365,4714,1316573.0
2021-01-31 00:00,Display,565329,53570,3668,1237033.0
2021-01-31 00:00,Email,644317,60721,4984,1424161.0
2021-01-31 00:00,Influencer,654400,69346,6204,1452143.0
2021-01-31 00:00,Search,564367,60719,5052,1340648.0
2021-01-31 00:00,Social Media,663986,65436,5220,1577115.0
2021-02-01 00:00,Display,581675,56752,4781,1405633.0
2021-02-01 00:00,Email,572140,57160,4507,1340957.0
2021-02-01 00:00,Influencer,622420,69903,5660,1514807.0
2021-02-01 00:00,Search,628471,61739,5190,1319469.0
2021-02-01 00:00,Social Media,615384,58477,4413,1354153.0
2021-02-02 00:00,Display,563598,59280,4492,1359375.0
2021-02-02 00:00,Email,523487,45138,3772,1152822.0
2021-02-02 00:00,Influencer,639527,65494,5184,1333429.0
2021-02-02 00:00,Search,691421,64396,5421,1453228.0
2021-02-02 00:00,Social Media,562049,60188,5154,1400282.0
2021-02-03 00:00,Display,670733,68723,5797,1580612.0
2021-02-03 00:00,Email,598708,65839,5618,1455276.0
2021-02-03 00:00,Influencer,527464,52632,3890,1247218.0
2021-02-03 00:00,Search,552891,56593,4417,1248544.0
2021-02-03 00:00,Social Media,596583,61035,4667,1383217.0
2021-02-04 00:00,Display,588730,57899,4871,1334705.0
2021-02-04 00:00,Email,569449,55228,4650,1353712.0
2021-02-04 00:00,Influencer,687243,64998,5493,1537499.0
2021-02-04 00:00,Search,613954,56344,4469,1325300.0
2021-02-04 00:00,Social Media,620159,57786,4891,1292778.0
2021-02-05 00:00,Display,587044,58263,4672,1299041.0
2021-02-05 00:00,Email,648673,61540,4809,1433027.0
2021-02-05 00:00,Influencer,675213,60669,4604,1523770.0
2021-02-05 00:00,Search,614714,59885,5196,1307193.0
2021-02-05 00:00,Social Media,551919,57345,4748,1285030.0
2021-02-06 00:00,Display,662580,65076,5185,1395215.0
2021-02-06 00:00,Email,607932,63997,5177,1372543.0
2021-02-06 00:00,Influencer,585191,59117,5042,1346436.0
2021-02-06 00:00,Search,630172,57476,4208,1234982.0
2021-02-06 00:00,Social Media,585902,62690,5153,1335375.0
2021-02-07 00:00,Display,565743,60877,5186,1337417.0
2021-02-07 00:00,Email,540438,53747,4078,1206663.0
2021-02-07 00:00,Influencer,637135,56826,4558,1368976.0
2021-02-07 00:00,Search,642580,59577,4296,1438999.0
2021-02-07 00:00,Social Media,672627,69525,5782,1542334.0
2021-02-08 00:00,Display,674287,69874,5201,1590185.0
2021-02-08 00:00,Email,539652,54624,4712,1306969.0
2021-02-08 00:00,Influencer,607473,61671,4842,1528043.0
2021-02-08 00:00,Search,557921,56737,4424,1286761.0
2021-02-08 00:00,Social Media,568517,57903,4841,1341643.0
2021-02-09 00:00,Display,594400,68278,5405,1543717.0
2021-02-09 00:00,Email,563762,53141,4195,1189527.0
2021-02-09 00:00,Influencer,655947,62593,5198,1512961.0
2021-02-09 00:00,Search,616006,62917,4743,1330904.0
2021-02-09 00:00,Social Media,572989,58467,4862,1309365.0
2021-02-10 00:00,Display,534945,60317,4849,1257575.0
2021-02-10 00:00,Email,609211,65134,5124,1375533.0
2021-02-10 00:00,Influencer,663125,62354,5360,1488957.0
2021-02-10 00:00,Search,618251,65695,5080,1409585.0
2021-02-10 00:00,Social Media,544100,53645,3935,1180329.0
2021-02-11 00:00,Display,552855,51546,4107,1146885.0
2021-02-11 00:00,Email,627985,65917,5085,1552649.0
2021-02-11 00:00,Influencer,618428,59554,5124,1492607.0
2021-02-11 00:00,Search,519572,60015,4829,1428869.0
2021-02-11 00:00,Social Media,606925,68919,5842,1448031.0
2021-02-12 00:00,Display,620228,61650,5012,1306815.0
2021-02-12 00:00,Email,583290,56789,4655,1278016.0
2021-02-12 00:00,Influencer,675534,65309,4934,1496088.0
2021-02-12 00:00,Search,582359,57276,4514,1323693.0
2021-02-12 00:00,Social Media,629032,63196,5125,1384997.0
2021-02-13 00:00,Display,511532,49932,4281,1195264.0
2021-02-13 00:00,Email,694618,67433,5440,1600474.0
2021-02-13 00:00,Influencer,655147,62573,5009,1540180.0
2021-02-13 00:00,Search,542968,59014,4563,1318395.0
2021-02-13 00:00,Social Media,570331,57879,4570,1283444.0
2021-02-14 00:00,Display,575878,54759,4280,1270387.0
2021-02-14 00:00,Email,579622,59897,4973,1382009.0
2021-02-14 00:00,Influencer,654410,59501,4839,1387432.0
2021-02-14 00:00,Search,697747,61956,5024,1510718.0
2021-02-14 00:00,Social Media,613855,54175,4499,1189941.0
2021-02-15 00:00,Display,636068,55821,4271,1376052.0
2021-02-15 00:00,Email,631657,59409,5115,1363023.0
2021-02-15 00:00,Influencer,587857,59426,4530,1306108.0
2021-02-15 00:00,Search,615714,66061,4727,1561711.0
2021-02-15 00:00,Social Media,548427,64633,5482,1375464.0
2021-02-16 00:00,Display,525585,55052,4985,1253424.0
2021-02-16 00:00,Email,655345,63338,5470,1443257.0
2021-02-16 00:00,Influencer,613557,61858,5099,1460542.0
2021-02-16 00:00,Search,490089,48611,4164,1053416.0
2021-02-16 00:00,Social Media,718909,64309,5324,1624452.0
2021-02-17 00:00,Display,712643,70807,5694,1688665.0
2021-02-17 00:00,Email,589549,57846,4430,1392185.0
2021-02-17 00:00,Influencer,501577,50443,3829,1089868.0
2021-02-17 00:00,Search,529237,56015,4794,1312413.0
2021-02-17 00:00,Social Media,599651,63088,5112,1533194.0
2021-02-18 00:00,Display,597703,61809,5001,1341796.0
2021-02-18 00:00,Email,621445,57337,4702,1376253.0
2021-02-18 00:00,Influencer,519570,52120,3715,1243175.0
2021-02-18 00:00,Search,663592,68372,5735,1491237.0
2021-02-18 00:00,Social Media,628059,61578,4974,1394234.0
2021-02-19 00:00,Display,531061,50254,3853,1250814.0
2021-02-19 00:00,Email,608701,64271,4917,1398027.0
2021-02-19 00:00,Influencer,575351,67809,5744,1346017.0
2021-02-19 00:00,Search,534691,53088,4367,1234514.0
2021-02-19 00:00,Social Media,677296,69069,5281,1514682.0
2021-02-20 00:00,Display,580404,60001,4896,1257047.0
2021-02-20 00:00,Email,590474,61631,5058,1391526.0
2021-02-20 00:00,Influencer,601243,59669,5155,1366988.0
2021-02-20 00:00,Search,585451,57959,4451,1313501.0
2021-02-20 00:00,Social Media,634331,64331,5410,1380288.0
2021-02-21 00:00,Display,543405,58764,4736,1316694.0
2021-02-21 00:00,Email,651544,55211,4146,1270548.0
2021-02-21 00:00,Influencer,650085,69741,5320,1563410.0
2021-02-21 00:00,Search,665782,61494,5056,1412215.0
2021-02-21 00:00,Social Media,599036,59225,4439,1438518.0
2021-02-22 00:00,Display,616955,64365,4809,1394805.0
2021-02-22 00:00,Email,652203,61337,4945,1413314.0
2021-02-22 00:00,Influencer,588002,61499,5005,1282626.0
2021-02-22 00:00,Search,530679,51278,4066,1144332.0
2021-02-22 00:00,Social Media,641471,61892,5195,1550264.0
2021-02-23 00:00,Display,623127,60431,4992,1400984.0
2021-02-23 00:00,Email,640082,72887,5878,1498869.0
2021-02-23 00:00,Influencer,586026,62146,5446,1380171.0
2021-02-23 00:00,Search,666718,64231,5080,1594396.0
2021-02-23 00:00,Social Media,495356,49740,4279,1093468.0
2021-02-24 00:00,Display,598948,62416,5042,1362721.0
2021-02-24 00:00,Email,671388,61782,4582,1374921.0
2021-02-24 00:00,Influencer,612321,60066,4863,1269813.0
2021-02-24 00:00,Search,563852,52824,4337,1173474.0
2021-02-24 00:00,Social Media,602354,61845,4348,1379270.0
2021-02-25 00:00,Display,604782,58072,3972,1341706.0
2021-02-25 00:00,Email,602351,59353,4520,1347320.0
2021-02-25 00:00,Influencer,639972,68017,5684,1435760.0
2021-02-25 00:00,Search,553841,57166,4561,1280491.0
2021-02-25 00:00,Social Media,639737,60703,4404,1379270.0
2021-02-26 00:00,Display,574048,61859,4517,1390573.0
2021-02-26 00:00,Email,665948,67164,5225,1451289.0
2021-02-26 00:00,Influencer,625215,57801,4431,1318408.0
2021-02-26 00:00,Search,580194,60081,4551,1263618.0
2021-02-26 00:00,Social Media,592798,57372,4480,1386861.0
2021-02-27 00:00,Display,564417,58620,4967,1223541.0
2021-02-27 00:00,Email,620074,52887,4105,1361514.0
2021-02-27 00:00,Influencer,635137,64176,4930,1467485.0
2021-02-27 00:00,Search,507900,58265,4702,1199787.0
2021-02-27 00:00,Social Media,648172,60194,4714,1434305.0
2021-02-28 00:00,Display,696398,65868,4839,1411887.0
2021-02-28 00:00,Email,566269,52493,4051,1243195.0
2021-02-28 00:00,Influencer,675444,73542,6240,1485144.0
2021-02-28 00:00,Search,578519,56299,4470,1347262.0
2021-02-28 00:00,Social Media,551212,51062,3799,1237753.0
2021-03-01 00:00,Display,629152,57088,4352,1293961.0
2021-03-01 00:00,Email,660994,59533,4488,1413209.0
2021-03-01 00:00,Influencer,539365,57762,4330,1257055.0
2021-03-01 00:00,Search,524957,55481,4659,1275012.0
2021-03-01 00:00,Social Media,740034,74310,6345,1620791.0
2021-03-02 00:00,Display,663074,75010,5570,1678253.0
2021-03-02 00:00,Email,590898,58161,4798,1338557.0
2021-03-02 00:00,Influencer,616103,64385,5234,1521551.0
2021-03-02 00:00,Search,552388,56860,4572,1241867.0
2021-03-02 00:00,Social Media,519247,56986,4282,1261941.0
2021-03-03 00:00,Display,551888,55427,4195,1307084.0
2021-03-03 00:00,Email,589743,64066,5055,1475675.0
2021-03-03 00:00,Influencer,612154,59630,4426,1353320.0
2021-03-03 00:00,Search,570839,57941,4690,1235034.0
2021-03-03 00:00,Social Media,631653,60913,5230,1389291.0
2021-03-04 00:00,Display,523322,56536,4283,1172563.0
2021-03-04 00:00,Email,645316,70104,5746,1415553.0
2021-03-04 00:00,Influencer,584341,61135,4908,1388726.0
2021-03-04 00:00,Search,647400,72327,5976,1561450.0
2021-03-04 00:00,Social Media,593023,55635,4548,1133812.0
2021-03-05 00:00,Display,536214,54733,4091,1246005.0
2021-03-05 00:00,Email,609026,52942,3788,1372581.0
2021-03-05 00:00,Influencer,637014,70329,5393,1503833.0
2021-03-05 00:00,Search,619137,57657,4712,1282519.0
2021-03-05 00:00,Social Media,639887,61130,4777,1476681.0
2021-03-06 00:00,Display,597675,55958,4647,1254359.0
2021-03-06 00:00,Email,586720,49861,3977,1244950.0
2021-03-06 00:00,Influencer,657806,60466,4976,1481941.0
2021-03-06 00:00,Search,598047,58104,5082,1302480.0
2021-03-06 00:00,Social Media,681082,70671,5803,1492775.0
2021-03-07 00:00,Display,673505,64527,5377,1429050.0
2021-03-07 00:00,Email,579136,57577,4216,1355279.0
2021-03-07 00:00,Influencer,562678,57625,4549,1390306.0
2021-03-07 00:00,Search,648473,72201,5867,1586357.0
2021-03-07 00:00,Social Media,541635,54137,4470,1282304.0
2021-03-08 00:00,Display,640740,66432,4997,1448283.0
2021-03-08 00:00,Email,614245,61599,5193,1361402.0
2021-03-08 00:00,Influencer,512751,46032,3787,1187016.0
2021-03-08 00:00,Search,714874,72437,5783,1509826.0
2021-03-08 00:00,Social Media,572230,60095,5029,1333032.0
2021-03-09 00:00,Display,548381,55356,4322,1182664.0
2021-03-09 00:00,Email,650200,60655,4722,1410431.0
2021-03-09 00:00,Influencer,617752,59090,4728,1302335.0
2021-03-09 00:00,Search,591505,60589,5302,1381435.0
2021-03-09 00:00,Social Media,660119,68149,5176,1551541.0
2021-03-10 00:00,Display,553172,62711,4956,1230808.0
2021-03-10 00:00,Email,665217,66779,4910,1470215.0
2021-03-10 00:00,Influencer,734419,74472,6145,1647540.0
2021-03-10 00:00,Search,548479,51377,4428,1296161.0
2021-03-10 00:00,Social Media,523535,53018,3835,1199967.0
2021-03-11 00:00,Display,548704,58369,4803,1337148.0
2021-03-11 00:00,Email,677212,69156,5069,1490026.0
2021-03-11 00:00,Influencer,580250,54607,4371,1237696.0
2021-03-11 00:00,Search,709283,66729,5332,1444953.0
2021-03-11 00:00,Social Media,558697,59829,4589,1311101.0
2021-03-12 00:00,Display,587277,54456,4363,1338488.0
2021-03-12 00:00,Email,585938,53583,4494,1289303.0
2021-03-12 00:00,Influencer,598701,63488,4824,1457960.0
2021-03-12 00:00,Search,587751,57102,4642,1379045.0
2021-03-12 00:00,Social Media,589297,59154,4950,1382533.0
2021-03-13 00:00,Display,517384,52422,4277,1209171.0
2021-03-13 00:00,Email,573755,61106,4777,1335052.0
2021-03-13 00:00,Influencer,589208,65518,5331,1333897.0
2021-03-13 00:00,Search,620784,64264,5430,1402904.0
2021-03-13 00:00,Social Media,668315,66182,5157,1440142.0
2021-03-14 00:00,Display,626695,57387,4700,1465205.0
2021-03-14 00:00,Email,521641,52586,4565,1179543.0
2021-03-14 00:00,Influencer,573709,58979,4628,1285382.0
2021-03-14 00:00,Search,556546,60230,5056,1270715.0
2021-03-14 00:00,Social Media,798480,74913,6114,1652350.0
2021-03-15 00:00,Display,648901,59300,4362,1442271.0
2021-03-15 00:00,Email,636123,65733,5413,1384695.0
2021-03-15 00:00,Influencer,525543,53414,4049,1164150.0
2021-03-15 00:00,Search,681369,66868,5282,1553337.0
2021-03-15 00:00,Social Media,614024,59155,4690,1248024.0
2021-03-16 00:00,Display,600373,55143,3797,1216190.0
2021-03-16 00:00,Email,606280,61392,4880,1419715.0
2021-03-16 00:00,Influencer,657560,64722,5047,1485943.0
2021-03-16 00:00,Search,592929,55247,4599,1357017.0
2021-03-16 00:00,Social Media,595975,59994,4360,1420035.0
2021-03-17 00:00,Display,616110,62809,5020,1344591.0
2021-03-17 00:00,Email,618357,56151,4421,1352183.0
2021-03-17 00:00,Influencer,540102,54941,4591,1274130.0
2021-03-17 00:00,Search,594726,59867,4514,1328313.0
2021-03-17 00:00,Social Media,624744,63832,5098,1357786.0
2021-03-18 00:00,Display,618739,61820,4991,1375216.0
2021-03-18 00:00,Email,655635,64989,5130,1428255.0
2021-03-18 00:00,Influencer,581105,58571,4543,1424309.0
2021-03-18 00:00,Search,658462,59703,4732,1389916.0
2021-03-18 00:00,Social Media,455604,54012,4700,1139064.0
2021-03-19 00:00,Display,700466,66167,5133,1568682.0
2021-03-19 00:00,Email,510450,48799,4116,1189818.0
2021-03-19 00:00,Influencer,639364,66897,5343,1397160.0
2021-03-19 00:00,Search,590737,59846,4726,1226555.0
2021-03-19 00:00,Social Media,613498,61715,4542,1458827.0
2021-03-20 00:00,Display,561411,58909,4703,1245258.0
2021-03-20 00:00,Email,572192,58627,4822,1278288.0
2021-03-20 00:00,Influencer,625982,57364,4616,1335482.0
2021-03-20 00:00,Search,692675,63688,4845,1589628.0
2021-03-20 00:00,Social Media,627932,62683,5514,1445992.0
2021-03-21 00:00,Display,534253,56729,4650,1343527.0
2021-03-21 00:00,Email,745768,74446,5354,1655859.0
2021-03-21 00:00,Influencer,545645,50495,4204,1263698.0
2021-03-21 00:00,Search,599622,50941,4336,1228211.0
2021-03-21 00:00,Social Media,624714,58316,4980,1260968.0
2021-03-22 00:00,Display,623089,58416,4138,1473662.0
2021-03-22 00:00,Email,683877,65639,5358,1480034.0
2021-03-22 00:00,Influencer,588060,64653,5396,1320302.0
2021-03-22 00:00,Search,579866,56784,4540,1312196.0
2021-03-22 00:00,Social Media,616595,60195,4502,1303305.0
2021-03-23 00:00,Display,634946,60538,4741,1354313.0
2021-03-23 00:00,Email,590265,56743,4244,1362418.0
2021-03-23 00:00,Influencer,616944,58597,4861,1384900.0
2021-03-23 00:00,Search,481577,47834,3826,1105245.0
2021-03-23 00:00,Social Media,682521,69608,6058,1481776.0
2021-03-24 00:00,Display,518587,58135,4913,1266643.0
2021-03-24 00:00,Email,589853,56889,4276,1254538.0
2021-03-24 00:00,Influencer,629050,59549,4270,1398547.0
2021-03-24 00:00,Search,557895,61057,5430,1340599.0
2021-03-24 00:00,Social Media,696583,73005,6101,1605571.0
2021-03-25 00:00,Display,638949,64155,5365,1463960.0
2021-03-25 00:00,Email,451193,54069,4299,1113426.0
2021-03-25 00:00,Influencer,605188,53108,4506,1281131.0
2021-03-25 00:00,Search,560143,57365,4471,1298108.0
2021-03-25 00:00,Social Media,727469,78337,6513,1689398.0
2021-03-26 00:00,Display,575535,58819,4584,1207485.0
2021-03-26 00:00,Email,638437,60764,4601,1441159.0
2021-03-26 00:00,Influencer,534182,55815,4508,1317028.0
2021-03-26 00:00,Search,710681,71132,5470,1597238.0
2021-03-26 00:00,Social Media,612440,60976,4965,1384893.0
2021-03-27 00:00,Display,611023,59476,4769,1463891.0
2021-03-27 00:00,Email,608462,60489,4860,1427421.0
2021-03-27 00:00,Influencer,613471,59462,4744,1425846.0
2021-03-27 00:00,Search,597713,63523,4920,1381841.0
2021-03-27 00:00,Social Media,572174,58365,4883,1271545.0
2021-03-28 00:00,Display,500558,49466,4393,1105435.0
2021-03-28 00:00,Email,574386,63625,4730,1347687.0
2021-03-28 00:00,Influencer,654965,67942,5418,1500471.0
2021-03-28 00:00,Search,586389,64258,5382,1488935.0
2021-03-28 00:00,Social Media,573515,56428,4449,1344379.0
2021-03-29 00:00,Display,695891,67106,5363,1589638.0
2021-03-29 00:00,Email,643239,65020,5505,1382800.0
2021-03-29 00:00,Influencer,521677,50627,3886,1254051.0
2021-03-29 00:00,Search,676516,62452,4834,1454271.0
2021-03-29 00:00,Social Media,510874,48396,3693,1134699.0
2021-03-30 00:00,Display,618990,60484,4423,1432098.0
2021-03-30 00:00,Email,650638,61864,4708,1317635.0
2021-03-30 00:00,Influencer,581218,61203,4684,1426225.0
2021-03-30 00:00,Search,640835,63907,5623,1429967.0
2021-03-30 00:00,Social Media,508922,52133,3900,1262321.0
2021-03-31 00:00,Display,594278,59891,4918,1378732.0
2021-03-31 00:00,Email,604516,58315,4856,1326707.0
2021-03-31 00:00,Influencer,647092,65710,5436,1381389.0
2021-03-31 00:00,Search,601249,57148,5030,1391064.0
2021-03-31 00:00,Social Media,593430,58558,4763,1351192.0
2021-04-01 00:00,Display,642840,65385,5447,1433555.0
2021-04-01 00:00,Email,592053,59055,4742,1306062.0
2021-04-01 00:00,Influencer,636973,61190,4861,1398698.0
2021-04-01 00:00,Search,622475,64878,5889,1307978.0
2021-04-01 00:00,Social Media,645338,66178,5243,1483307.0
2021-04-02 00:00,Display,585094,56547,5034,1315069.0
2021-04-02 00:00,Email,607740,58433,4946,1332787.0
2021-04-02 00:00,Influencer,574094,61055,4961,1427135.0
2021-04-02 00:00,Search,597538,66619,5225,1494989.0
2021-04-02 00:00,Social Media,611440,64085,5139,1484657.0
2021-04-03 00:00,Display,659620,67054,5687,1527516.0
2021-04-03 00:00,Email,634397,59241,4907,1401582.0
2021-04-03 00:00,Influencer,580127,57224,4486,1289391.0
2021-04-03 00:00,Search,621047,61428,5406,1376880.0
2021-04-03 00:00,Social Media,532635,57436,5353,1231019.0
2021-04-04 00:00,Display,653202,63604,5066,1335573.0
2021-04-04 00:00,Email,687070,64332,5222,1517696.0
2021-04-04 00:00,Influencer,618471,55868,4300,1277249.0
2021-04-04 00:00,Search,548592,50101,4228,1243603.0
2021-04-04 00:00,Social Media,545217,57790,4647,1337439.0
2021-04-05 00:00,Display,619498,57392,4781,1272504.0
2021-04-05 00:00,Email,634211,62538,4836,1415404.0
2021-04-05 00:00,Influencer,637221,67769,5417,1451262.0
2021-04-05 00:00,Search,594294,56254,4581,1335565.0
2021-04-05 00:00,Social Media,585563,56426,4454,1332426.0
2021-04-06 00:00,Display,673037,62496,4487,1463355.0
2021-04-06 00:00,Email,588172,61996,5125,1562130.0
2021-04-06 00:00,Influencer,615390,57199,4504,1433811.0
2021-04-06 00:00,Search,511454,47303,3484,1252444.0
2021-04-06 00:00,Social Media,574931,55681,4574,1355801.0
2021-04-07 00:00,Display,631250,62968,5491,1432170.0
2021-04-07 00:00,Email,611806,59050,5159,1368034.0
2021-04-07 00:00,Influencer,716551,65638,5152,1565665.0
2021-04-07 00:00,Search,480411,47647,3679,1190666.0
2021-04-07 00:00,Social Media,550263,52732,4239,1348726.0
2021-04-08 00:00,Display,494364,53803,4746,1164998.0
2021-04-08 00:00,Email,639353,62774,5168,1380015.0
2021-04-08 00:00,Influencer,657529,64519,5292,1560271.0
2021-04-08 00:00,Search,658782,60806,4961,1369186.0
2021-04-08 00:00,Social Media,632314,56630,4547,1393446.0
2021-04-09 00:00,Display,587390,54165,4516,1258438.0
2021-04-09 00:00,Email,593615,57339,4777,1259632.0
2021-04-09 00:00,Influencer,604325,63411,5230,1384034.0
2021-04-09 00:00,Search,631763,67464,5350,1471649.0
2021-04-09 00:00,Social Media,677727,62733,4938,1374492.0
2021-04-10 00:00,Display,564380,58777,4628,1330127.0
2021-04-10 00:00,Email,642597,64665,5167,1368198.0
2021-04-10 00:00,Influencer,605719,61369,5040,1375451.0
2021-04-10 00:00,Search,550719,56574,4279,1313723.0
2021-04-10 00:00,Social Media,623121,66575,5580,1451558.0
2021-04-11 00:00,Display,625036,61540,4806,1342560.0
2021-04-11 00:00,Email,519391,57019,4579,1292426.0
2021-04-11 00:00,Influencer,603081,61287,4933,1466804.0
2021-04-11 00:00,Search,611755,64451,4885,1504881.0
2021-04-11 00:00,Social Media,565130,56008,4668,1300257.0
2021-04-12 00:00,Display,722286,76124,5972,1541190.0
2021-04-12 00:00,Email,609399,62009,4770,1382447.0
2021-04-12 00:00,Influencer,529157,54427,4343,1238276.0
2021-04-12 00:00,Search,635833,61887,4991,1375178.0
2021-04-12 00:00,Social Media,502587,51996,4245,1244972.0
2021-04-13 00:00,Display,617461,62228,4926,1536920.0
2021-04-13 00:00,Email,569848,54216,3883,1315245.0
2021-04-13 00:00,Influencer,638264,60150,4404,1358166.0
2021-04-13 00:00,Search,640258,66901,5233,1560351.0
2021-04-13 00:00,Social Media,523520,53833,4385,1126629.0
2021-04-14 00:00,Display,667914,62576,4900,1501939.0
2021-04-14 00:00,Email,548445,53090,4278,1292676.0
2021-04-14 00:00,Influencer,624623,62406,4644,1365835.0
2021-04-14 00:00,Search,606456,59044,4394,1355752.0
2021-04-14 00:00,Social Media,629686,58812,4876,1352418.0
2021-04-15 00:00,Display,520219,51945,4230,1149927.0
2021-04-15 00:00,Email,726327,74228,5628,1589095.0
2021-04-15 00:00,Influencer,682335,63756,5355,1532967.0
2021-04-15 00:00,Search,604813,54431,4609,1428927.0
2021-04-15 00:00,Social Media,490058,46248,3386,1154085.0
2021-04-16 00:00,Display,526899,55078,4783,1239888.0
2021-04-16 00:00,Email,558907,55748,4349,1282068.0
2021-04-16 00:00,Influencer,706506,74193,6156,1592360.0
2021-04-16 00:00,Search,580348,57628,4942,1238807.0
2021-04-16 00:00,Social Media,628906,64550,5310,1346042.0
2021-04-17 00:00,Display,647837,60515,5259,1408629.0
2021-04-17 00:00,Email,638457,59461,4864,1495907.0
2021-04-17 00:00,Influencer,545728,61466,4745,1262041.0
2021-04-17 00:00,Search,669512,65692,5671,1449217.0
2021-04-17 00:00,Social Media,539709,52675,4067,1146692.0
2021-04-18 00:00,Display,505558,50376,3726,1170969.0
2021-04-18 00:00,Email,581965,64239,5593,1423051.0
2021-04-18 00:00,Influencer,492589,49187,3966,1194839.0
2021-04-18 00:00,Search,689818,68458,5529,1681277.0
2021-04-18 00:00,Social Media,638728,60633,4731,1424819.0
2021-04-19 00:00,Display,560805,57980,4927,1298498.0
2021-04-19 00:00,Email,616700,62593,4586,1458996.0
2021-04-19 00:00,Influencer,734802,65781,5813,1493101.0
2021-04-19 00:00,Search,753714,67476,5037,1735627.0
2021-04-19 00:00,Social Media,433972,46047,3800,1020433.0
2021-04-20 00:00,Display,686046,60990,4590,1480329.0
2021-04-20 00:00,Email,547561,50265,3855,1293184.0
2021-04-20 00:00,Influencer,622171,64472,4442,1421155.0
2021-04-20 00:00,Search,558222,57328,4385,1347872.0
2021-04-20 00:00,Social Media,608518,58543,4575,1314585.0
2021-04-21 00:00,Display,572582,62284,5173,1368867.0
2021-04-21 00:00,Email,609391,62739,5159,1318537.0
2021-04-21 00:00,Influencer,585339,53252,3957,1215552.0
2021-04-21 00:00,Search,675061,64461,5006,1494221.0
2021-04-21 00:00,Social Media,606328,62707,5289,1394417.0
2021-04-22 00:00,Display,580078,54405,4825,1247697.0
2021-04-22 00:00,Email,591401,57598,4537,1410239.0
2021-04-22 00:00,Influencer,599076,57281,4422,1415922.0
2021-04-22 00:00,Search,682766,64358,5110,1561535.0
2021-04-22 00:00,Social Media,554530,52934,3863,1240730.0
2021-04-23 00:00,Display,588819,58118,4970,1369197.0
2021-04-23 00:00,Email,585596,61303,4534,1306349.0
2021-04-23 00:00,Influencer,583863,59601,4680,1434478.0
2021-04-23 00:00,Search,627363,65180,5177,1416238.0
2021-04-23 00:00,Social Media,520482,55207,4553,1229340.0
2021-04-24 00:00,Display,589658,63656,4986,1388162.0
2021-04-24 00:00,Email,639216,66037,5454,1406413.0
2021-04-24 00:00,Influencer,615716,61794,4936,1343040.0
2021-04-24 00:00,Search,541044,54709,3917,1180076.0
2021-04-24 00:00,Social Media,626759,60175,4419,1385354.0
2021-04-25 00:00,Display,601275,55899,4318,1406167.0
2021-04-25 00:00,Email,635093,67735,5599,1433987.0
2021-04-25 00:00,Influencer,553960,58888,4883,1204235.0
2021-04-25 00:00,Search,591663,52862,4200,1329555.0
2021-04-25 00:00,Social Media,661510,63142,5116,1555233.0
2021-04-26 00:00,Display,584296,52399,4439,1237258.0
2021-04-26 00:00,Email,598314,55323,4423,1251298.0
2021-04-26 00:00,Influencer,702689,72935,6130,1693622.0
2021-04-26 00:00,Search,553722,55358,4017,1266204.0
2021-04-26 00:00,Social Media,617892,69529,5391,1500940.0
2021-04-27 00:00,Display,663403,66978,5297,1466596.0
2021-04-27 00:00,Email,676073,65771,5266,1478281.0
2021-04-27 00:00,Influencer,522565,50891,4497,1202133.0
2021-04-27 00:00,Search,561610,57171,4709,1273700.0
2021-04-27 00:00,Social Media,615097,63703,4673,1372296.0
2021-04-28 00:00,Display,649490,64930,5406,1452299.0
2021-04-28 00:00,Email,544011,51169,4160,1254688.0
2021-04-28 00:00,Influencer,511487,51914,4452,1118019.0
2021-04-28 00:00,Search,660819,63833,5122,1451740.0
2021-04-28 00:00,Social Media,688588,61494,5322,1489256.0
2021-04-29 00:00,Display,578153,52075,4231,1288587.0
2021-04-29 00:00,Email,611044,54945,4538,1297110.0
2021-04-29 00:00,Influencer,638879,66152,5013,1536440.0
2021-04-29 00:00,Search,717776,76388,6118,1438170.0
2021-04-29 00:00,Social Media,590170,57082,4336,1314514.0
2021-04-30 00:00,Display,623310,71175,5518,1501430.0
2021-04-30 00:00,Email,553703,54263,4314,1284464.0
2021-04-30 00:00,Influencer,492467,53501,4240,1226898.0
2021-04-30 00:00,Search,609287,65548,5077,1347299.0
2021-04-30 00:00,Social Media,622361,57675,4477,1365864.0
2021-05-01 00:00,Display,633696,61834,4958,1350062.0
2021-05-01 00:00,Email,568795,61073,5012,1301182.0
2021-05-01 00:00,Influencer,588990,62108,5308,1393735.0
2021-05-01 00:00,Search,531137,57929,4544,1193075.0
2021-05-01 00:00,Social Media,661458,64017,5282,1418877.0
2021-05-02 00:00,Display,482734,48354,3780,1037406.0
2021-05-02 00:00,Email,673037,59989,4706,1467890.0
2021-05-02 00:00,Influencer,593508,63375,4994,1340340.0
2021-05-02 00:00,Search,688178,67664,5257,1464612.0
2021-05-02 00:00,Social Media,594299,60440,5125,1360535.0
2021-05-03 00:00,Display,605139,58810,4544,1335351.0
2021-05-03 00:00,Email,603636,62239,4807,1428970.0
2021-05-03 00:00,Influencer,572061,54793,4481,1244113.0
2021-05-03 00:00,Search,522952,52288,4414,1299544.0
2021-05-03 00:00,Social Media,652815,74794,6187,1544221.0
2021-05-04 00:00,Display,620628,62052,4979,1394282.0
2021-05-04 00:00,Email,627075,66330,5234,1403936.0
2021-05-04 00:00,Influencer,556334,53958,4521,1197949.0
2021-05-04 00:00,Search,664838,65076,5576,1417956.0
2021-05-04 00:00,Social Media,553404,58946,4573,1215334.0
2021-05-05 00:00,Display,679711,61827,4760,1493239.0
2021-05-05 00:00,Email,543963,55571,4559,1286683.0
2021-05-05 00:00,Influencer,567282,59993,5134,1249688.0
2021-05-05 00:00,Search,612707,62314,5325,1393391.0
2021-05-05 00:00,Social Media,630822,62725,5147,1457423.0
2021-05-06 00:00,Display,616686,63825,5238,1414091.0
2021-05-06 00:00,Email,501348,50752,4063,1097289.0
2021-05-06 00:00,Influencer,666071,65031,4809,1465515.0
2021-05-06 00:00,Search,630456,61197,4622,1401342.0
2021-05-06 00:00,Social Media,583914,59741,4087,1349226.0
2021-05-07 00:00,Display,713275,61665,5042,1369949.0
2021-05-07 00:00,Email,612415,57657,4727,1335360.0
2021-05-07 00:00,Influencer,620386,59675,4801,1395272.0
2021-05-07 00:00,Search,608932,63586,5071,1351638.0
2021-05-07 00:00,Social Media,535497,58569,5016,1178254.0
2021-05-08 00:00,Display,661200,58920,4840,1354760.0
2021-05-08 00:00,Email,603413,61969,4727,1384896.0
2021-05-08 00:00,Influencer,591248,59288,4122,1364680.0
2021-05-08 00:00,Search,577133,59830,4883,1451308.0
2021-05-08 00:00,Social Media,622159,55396,4741,1321381.0
2021-05-09 00:00,Display,463902,50341,3668,1223490.0
2021-05-09 00:00,Email,664456,63648,5026,1493940.0
2021-05-09 00:00,Influencer,621642,59476,5094,1485679.0
2021-05-09 00:00,Search,592018,56489,4731,1320132.0
2021-05-09 00:00,Social Media,674300,69652,5635,1595489.0
2021-05-10 00:00,Display,547288,58462,4434,1280589.0
2021-05-10 00:00,Email,644687,55633,4496,1306452.0
2021-05-10 00:00,Influencer,612085,62505,4945,1440240.0
2021-05-10 00:00,Search,656403,62256,5388,1381051.0
2021-05-10 00:00,Social Media,583609,61712,4973,1323701.0
2021-05-11 00:00,Display,714374,69586,5823,1644388.0
2021-05-11 00:00,Email,489743,47437,3930,1168896.0
2021-05-11 00:00,Influencer,597963,59419,4486,1403700.0
2021-05-11 00:00,Search,657593,69429,6325,1436204.0
2021-05-11 00:00,Social Media,514677,59239,4485,1222001.0
2021-05-12 00:00,Display,617934,55124,4103,1353842.0
2021-05-12 00:00,Email,586586,60570,4416,1372601.0
2021-05-12 00:00,Influencer,612786,52254,4333,1315046.0
2021-05-12 00:00,Search,666333,70093,5926,1455616.0
2021-05-12 00:00,Social Media,621589,59997,5037,1410714.0
2021-05-13 00:00,Display,656874,63068,4812,1505371.0
2021-05-13 00:00,Email,556943,55612,4163,1138770.0
2021-05-13 00:00,Influencer,644507,66896,5112,1354622.0
2021-05-13 00:00,Search,669051,67428,5528,1601743.0
2021-05-13 00:00,Social Media,480857,50804,4491,1104368.0
2021-05-14 00:00,Display,578078,56785,4114,1311539.0
2021-05-14 00:00,Email,546101,48299,3796,1219740.0
2021-05-14 00:00,Influencer,689042,67966,5772,1530305.0
2021-05-14 00:00,Search,743206,71497,6188,1669890.0
2021-05-14 00:00,Social Media,545710,45739,3758,1154861.0
2021-05-15 00:00,Display,521861,57221,4471,1295688.0
2021-05-15 00:00,Email,605398,61833,4591,1346656.0
2021-05-15 00:00,Influencer,624812,61217,5458,1440853.0
2021-05-15 00:00,Search,568409,56217,4649,1373747.0
2021-05-15 00:00,Social Media,633307,68500,5388,1348065.0
2021-05-16 00:00,Display,652032,68599,5334,1572633.0
2021-05-16 00:00,Email,674063,63233,5489,1515715.0
2021-05-16 00:00,Influencer,563816,52773,4537,1240139.0
2021-05-16 00:00,Search,589631,59347,4639,1429024.0
2021-05-16 00:00,Social Media,555620,53274,4028,1188891.0
2021-05-17 00:00,Display,522445,57947,4747,1330067.0
2021-05-17 00:00,Email,675536,60276,4900,1545456.0
2021-05-17 00:00,Influencer,667991,57492,4711,1484764.0
2021-05-17 00:00,Search,522920,54588,4159,1254537.0
2021-05-17 00:00,Social Media,574940,63309,5042,1351733.0
2021-05-18 00:00,Display,668595,63435,5483,1485905.0
2021-05-18 00:00,Email,601999,62748,4917,1366319.0
2021-05-18 00:00,Influencer,670544,58744,4752,1413199.0
2021-05-18 00:00,Search,518467,56437,4692,1266767.0
2021-05-18 00:00,Social Media,565577,57352,4452,1382889.0
2021-05-19 00:00,Display,513686,49849,4175,1193377.0
2021-05-19 00:00,Email,568244,51652,3946,1332211.0
2021-05-19 00:00,Influencer,656399,69331,6019,1394080.0
2021-05-19 00:00,Search,623679,66156,5119,1513041.0
2021-05-19 00:00,Social Media,647717,61789,4888,1450671.0
2021-05-20 00:00,Display,611836,61270,4326,1506330.0
2021-05-20 00:00,Email,652884,62551,4763,1490212.0
2021-05-20 00:00,Influencer,561067,51080,4216,1384057.0
2021-05-20 00:00,Search,507453,52741,3943,1154484.0
2021-05-20 00:00,Social Media,710232,64012,5142,1546984.0
2021-05-21 00:00,Display,502661,55027,4209,1136749.0
2021-05-21 00:00,Email,634886,57228,4464,1391526.0
2021-05-21 00:00,Influencer,662743,69495,5221,1440809.0
2021-05-21 00:00,Search,488429,54256,4382,1260430.0
2021-05-21 00:00,Social Media,759220,73168,6084,1621110.0
2021-05-22 00:00,Display,617991,60358,4672,1448046.0
2021-05-22 00:00,Email,544859,55894,4468,1219951.0
2021-05-22 00:00,Influencer,574027,65718,5018,1457264.0
2021-05-22 00:00,Search,613822,62770,4811,1342348.0
2021-05-22 00:00,Social Media,533697,55183,4356,1236179.0
2021-05-23 00:00,Display,546361,49771,4149,1253792.0
2021-05-23 00:00,Email,512231,52493,4058,1194843.0
2021-05-23 00:00,Influencer,670954,68348,5676,1501569.0
2021-05-23 00:00,Search,630529,64854,5472,1339682.0
2021-05-23 00:00,Social Media,626100,61386,4769,1373405.0
2021-05-24 00:00,Display,657159,64964,5724,1355319.0
2021-05-24 00:00,Email,603440,57826,4437,1368876.0
2021-05-24 00:00,Influencer,712328,63747,5147,1576675.0
2021-05-24 00:00,Search,517724,47394,3513,1072881.0
2021-05-24 00:00,Social Media,622339,57278,4473,1400774.0
2021-05-25 00:00,Display,707688,64027,4732,1430910.0
2021-05-25 00:00,Email,640555,70142,5232,1468268.0
2021-05-25 00:00,Influencer,511808,56202,4218,1176476.0
2021-05-25 00:00,Search,634206,59082,4762,1348977.0
2021-05-25 00:00,Social Media,614274,62863,4571,1275684.0
2021-05-26 00:00,Display,672125,66597,5162,1589601.0
2021-05-26 00:00,Email,578221,61295,4728,1330683.0
2021-05-26 00:00,Influencer,625156,62529,5151,1409851.0
2021-05-26 00:00,Search,548342,52377,4083,1250735.0
2021-05-26 00:00,Social Media,593206,62390,4901,1321048.0
2021-05-27 00:00,Display,658851,64628,5299,1422328.0
2021-05-27 00:00,Email,591987,63628,4998,1440462.0
2021-05-27 00:00,Influencer,483472,48496,3989,1146226.0
2021-05-27 00:00,Search,618891,53939,4150,1501419.0
2021-05-27 00:00,Social Media,623551,69771,5789,1558686.0
2021-05-28 00:00,Display,566216,58265,4503,1328984.0
2021-05-28 00:00,Email,596070,63787,5155,1508631.0
2021-05-28 00:00,Influencer,539546,58609,5392,1355061.0
2021-05-28 00:00,Search,587016,55222,4602,1157717.0
2021-05-28 00:00,Social Media,638031,73548,5674,1479486.0
2021-05-29 00:00,Display,546585,58315,4510,1285332.0
2021-05-29 00:00,Email,576075,60337,4632,1220120.0
2021-05-29 00:00,Influencer,441985,54933,4114,1156400.0
2021-05-29 00:00,Search,704897,69770,4749,1531494.0
2021-05-29 00:00,Social Media,655113,62489,4996,1520939.0
2021-05-30 00:00,Display,548991,58150,4997,1341641.0
2021-05-30 00:00,Email,611066,67532,5077,1454623.0
2021-05-30 00:00,Influencer,489051,50509,4415,1158653.0
2021-05-30 00:00,Search,688307,69418,5561,1634225.0
2021-05-30 00:00,Social Media,538319,59773,4992,1324257.0
2021-05-31 00:00,Display,570535,59650,4986,1206472.0
2021-05-31 00:00,Email,629254,61011,5297,1327470.0
2021-05-31 00:00,Influencer,703355,67746,5269,1616696.0
2021-05-31 00:00,Search,606728,53820,4380,1333959.0
2021-05-31 00:00,Social Media,559166,59699,4755,1309444.0
2021-06-01 00:00,Display,513837,55291,4705,1345588.0
2021-06-01 00:00,Email,612168,54473,4148,1345610.0
2021-06-01 00:00,Influencer,593293,59438,4559,1314479.0
2021-06-01 00:00,Search,598373,55469,4870,1245490.0
2021-06-01 00:00,Social Media,746414,76868,6450,1666460.0
2021-06-02 00:00,Display,548100,59310,4899,1266192.0
2021-06-02 00:00,Email,540687,56731,4271,1381267.0
2021-06-02 00:00,Influencer,568132,62139,4722,1453113.0
2021-06-02 00:00,Search,567961,53005,4415,1328042.0
2021-06-02 00:00,Social Media,658004,72466,5930,1500364.0
2021-06-03 00:00,Display,503747,59079,4884,1223476.0
2021-06-03 00:00,Email,636925,60166,4647,1421494.0
2021-06-03 00:00,Influencer,586653,53130,4436,1205991.0
2021-06-03 00:00,Search,748445,71575,5534,1634505.0
2021-06-03 00:00,Social Media,591448,59450,4447,1339940.0
2021-06-04 00:00,Display,710531,68756,5606,1623740.0
2021-06-04 00:00,Email,634187,66001,4881,1454227.0
2021-06-04 00:00,Influencer,517440,49087,3902,1081217.0
2021-06-04 00:00,Search,529352,52266,4550,1146259.0
2021-06-04 00:00,Social Media,658189,62195,5003,1575161.0
2021-06-05 00:00,Display,606481,59607,5158,1381319.0
2021-06-05 00:00,Email,628305,58681,4932,1238650.0
2021-06-05 00:00,Influencer,625407,62039,5274,1472562.0
2021-06-05 00:00,Search,579953,51878,4467,1219004.0
2021-06-05 00:00,Social Media,601476,65421,5751,1457524.0
2021-06-06 00:00,Display,593187,54397,4000,1382433.0
2021-06-06 00:00,Email,659643,64155,5488,1469192.0
2021-06-06 00:00,Influencer,641614,63252,4800,1566431.0
2021-06-06 00:00,Search,603666,57115,4438,1225729.0
2021-06-06 00:00,Social Media,536958,56326,4619,1329171.0
2021-06-07 00:00,Display,570707,55793,4860,1368663.0
2021-06-07 00:00,Email,630796,51859,3871,1323991.0
2021-06-07 00:00,Influencer,543353,56931,4878,1221665.0
2021-06-07 00:00,Search,699205,68042,5572,1487138.0
2021-06-07 00:00,Social Media,666084,64674,4931,1468141.0
2021-06-08 00:00,Display,603536,63564,5529,1357631.0
2021-06-08 00:00,Email,624868,59892,4810,1388662.0
2021-06-08 00:00,Influencer,622663,63441,5098,1222436.0
2021-06-08 00:00,Search,526336,58261,4276,1306628.0
2021-06-08 00:00,Social Media,718729,68250,5095,1583807.0
2021-06-09 00:00,Display,740253,75075,6005,1601983.0
2021-06-09 00:00,Email,487648,53187,3992,1164186.0
2021-06-09 00:00,Influencer,579041,64030,5073,1358980.0
2021-06-09 00:00,Search,531858,55391,4453,1226439.0
2021-06-09 00:00,Social Media,624747,62537,4909,1326408.0
2021-06-10 00:00,Display,575228,56399,4374,1338591.0
2021-06-10 00:00,Email,589729,55535,4753,1414977.0
2021-06-10 00:00,Influencer,537731,59180,4522,1291068.0
2021-06-10 00:00,Search,706174,72598,5574,1606786.0
2021-06-10 00:00,Social Media,556136,59324,5124,1310038.0
2021-06-11 00:00,Display,527256,47388,3871,1115707.0
2021-06-11 00:00,Email,581973,63267,4829,1460221.0
2021-06-11 00:00,Influencer,589603,48881,3807,1291069.0
2021-06-11 00:00,Search,672348,65078,5091,1406177.0
2021-06-11 00:00,Social Media,760201,69817,5580,1625363.0
2021-06-12 00:00,Display,636787,67319,5380,1475593.0
2021-06-12 00:00,Email,610050,63558,4844,1378877.0
2021-06-12 00:00,Influencer,574119,53646,4475,1288597.0
2021-06-12 00:00,Search,644965,65299,5179,1425453.0
2021-06-12 00:00,Social Media,590312,58836,4809,1219572.0
2021-06-13 00:00,Display,561131,60232,4744,1336199.0
2021-06-13 00:00,Email,599183,57615,4878,1270989.0
2021-06-13 00:00,Influencer,700308,67623,5424,1563797.0
2021-06-13 00:00,Search,554986,58728,4553,1335910.0
2021-06-13 00:00,Social Media,588661,53744,3984,1329163.0
2021-06-14 00:00,Display,675858,57146,4518,1383524.0
2021-06-14 00:00,Email,649730,65915,5264,1452557.0
2021-06-14 00:00,Influencer,653705,62146,5517,1487801.0
2021-06-14 00:00,Search,531330,56273,4337,1262912.0
2021-06-14 00:00,Social Media,609243,57983,4541,1305447.0
2021-06-15 00:00,Display,648222,65605,4990,1468035.0
2021-06-15 00:00,Email,596547,53510,4737,1228396.0
2021-06-15 00:00,Influencer,628778,65961,5851,1460962.0
2021-06-15 00:00,Search,645502,55625,4243,1195413.0
2021-06-15 00:00,Social Media,628583,61703,4739,1363609.0
2021-06-16 00:00,Display,651565,58055,4463,1420515.0
2021-06-16 00:00,Email,566826,56976,4418,1300721.0
2021-06-16 00:00,Influencer,657207,60098,4719,1400760.0
2021-06-16 00:00,Search,726884,64683,4998,1567072.0
2021-06-16 00:00,Social Media,534856,54096,4109,1188993.0
2021-06-17 00:00,Display,659566,65489,4889,1346542.0
2021-06-17 00:00,Email,536883,50001,4092,1163962.0
2021-06-17 00:00,Influencer,581924,55703,4296,1306443.0
2021-06-17 00:00,Search,634307,64094,5020,1363148.0
2021-06-17 00:00,Social Media,637486,66532,4950,1431822.0
2021-06-18 00:00,Display,585847,56406,4704,1284536.0
2021-06-18 00:00,Email,545392,56999,4193,1252696.0
2021-06-18 00:00,Influencer,611160,58599,4452,1369775.0
2021-06-18 00:00,Search,626855,66828,4989,1413489.0
2021-06-18 00:00,Social Media,603526,67471,5615,1519236.0
2021-06-19 00:00,Display,612845,63432,5019,1428293.0
2021-06-19 00:00,Email,685196,67638,5928,1467009.0
2021-06-19 00:00,Influencer,634066,61992,4901,1401163.0
2021-06-19 00:00,Search,520030,55981,4535,1221012.0
2021-06-19 00:00,Social Media,579841,58325,4402,1284054.0
2021-06-20 00:00,Display,661258,66040,4949,1490460.0
2021-06-20 00:00,Email,619057,64074,5220,1442244.0
2021-06-20 00:00,Influencer,510705,49548,3827,1213114.0
2021-06-20 00:00,Search,563096,50446,4128,1209932.0
2021-06-20 00:00,Social Media,678754,68517,5992,1540642.0
2021-06-21 00:00,Display,690321,62737,5439,1572814.0
2021-06-21 00:00,Email,668788,68492,5115,1499923.0
2021-06-21 00:00,Influencer,616129,58989,4658,1346599.0
2021-06-21 00:00,Search,519175,50405,4170,1174906.0
2021-06-21 00:00,Social Media,512212,55708,4873,1242085.0
2021-06-22 00:00,Display,465056,42796,3513,1054959.0
2021-06-22 00:00,Email,650133,60681,4737,1402227.0
2021-06-22 00:00,Influencer,481967,52958,4839,1144119.0
2021-06-22 00:00,Search,625725,65675,5244,1444811.0
2021-06-22 00:00,Social Media,762951,79547,6032,1747233.0
2021-06-23 00:00,Display,563895,55625,4432,1272307.0
2021-06-23 00:00,Email,618251,56576,4143,1245758.0
2021-06-23 00:00,Influencer,524683,58843,4737,1345828.0
2021-06-23 00:00,Search,616118,58978,4696,1385165.0
2021-06-23 00:00,Social Media,692283,66849,5475,1564021.0
2021-06-24 00:00,Display,587517,60254,4761,1365990.0
2021-06-24 00:00,Email,547131,57351,4288,1229112.0
2021-06-24 00:00,Influencer,661302,69840,5480,1463622.0
2021-06-24 00:00,Search,799653,68752,5206,1678477.0
2021-06-24 00:00,Social Media,481056,48501,4149,1061704.0
2021-06-25 00:00,Display,549892,52168,4523,1363850.0
2021-06-25 00:00,Email,558068,54387,4305,1210757.0
2021-06-25 00:00,Influencer,576340,68695,5602,1311389.0
2021-06-25 00:00,Search,599535,60711,4953,1276669.0
2021-06-25 00:00,Social Media,732848,68022,5801,1668894.0
2021-06-26 00:00,Display,618555,59740,4835,1481560.0
2021-06-26 00:00,Email,618376,65355,5253,1265016.0
2021-06-26 00:00,Influencer,585430,57737,4846,1349139.0
2021-06-26 00:00,Search,656389,62518,5557,1653968.0
2021-06-26 00:00,Social Media,526499,54732,4188,1277736.0
2021-06-27 00:00,Display,522270,59187,4732,1297944.0
2021-06-27 00:00,Email,568871,59173,4662,1412960.0
2021-06-27 00:00,Influencer,639896,62558,4845,1343213.0
2021-06-27 00:00,Search,629462,60901,4937,1502047.0
2021-06-27 00:00,Social Media,622357,58519,4841,1351252.0
2021-06-28 00:00,Display,611803,61653,4466,1410150.0
2021-06-28 00:00,Email,584621,56917,5057,1277823.0
2021-06-28 00:00,Influencer,637523,67773,5364,1475884.0
2021-06-28 00:00,Search,592920,57376,4451,1356597.0
2021-06-28 00:00,Social Media,580477,63862,5566,1335516.0
2021-06-29 00:00,Display,562243,56958,4701,1224860.0
2021-06-29 00:00,Email,570365,60318,4597,1474133.0
2021-06-29 00:00,Influencer,598238,57750,4439,1269289.0
2021-06-29 00:00,Search,639631,61476,5034,1419865.0
2021-06-29 00:00,Social Media,666558,62738,5011,1525612.0
2021-06-30 00:00,Display,567381,62855,5245,1235789.0
2021-06-30 00:00,Email,569753,55821,4381,1378861.0
2021-06-30 00:00,Influencer,610482,56611,4344,1364199.0
2021-06-30 00:00,Search,664782,71304,5872,1625719.0
2021-06-30 00:00,Social Media,613656,54675,4321,1312535.0
2021-07-01 00:00,Display,660584,63232,4560,1582346.0
2021-07-01 00:00,Email,537922,54422,4363,1222401.0
2021-07-01 00:00,Influencer,631557,60679,4754,1364408.0
2021-07-01 00:00,Search,572586,59259,4893,1326616.0
2021-07-01 00:00,Social Media,615536,59864,4354,1320351.0
2021-07-02 00:00,Display,611639,66499,5471,1390079.0
2021-07-02 00:00,Email,665172,64946,4985,1475695.0
2021-07-02 00:00,Influencer,608267,57938,4595,1361361.0
2021-07-02 00:00,Search,579461,54084,4525,1325271.0
2021-07-02 00:00,Social Media,581098,60411,4746,1370527.0
2021-07-03 00:00,Display,625240,63702,4983,1381890.0
2021-07-03 00:00,Email,656384,65733,5504,1506663.0
2021-07-03 00:00,Influencer,509988,53301,4186,1266366.0
2021-07-03 00:00,Search,643152,64942,5403,1384036.0
2021-07-03 00:00,Social Media,603321,65134,4931,1464212.0
2021-07-04 00:00,Display,633551,69291,5711,1503327.0
2021-07-04 00:00,Email,547890,52180,4072,1174631.0
2021-07-04 00:00,Influencer,590038,63842,5188,1485715.0
2021-07-04 00:00,Search,657517,68509,5144,1492930.0
2021-07-04 00:00,Social Media,504615,51581,4216,1104337.0
2021-07-05 00:00,Display,735424,71821,5506,1565560.0
2021-07-05 00:00,Email,480487,48325,3967,1181134.0
2021-07-05 00:00,Influencer,556785,58233,5279,1232908.0
2021-07-05 00:00,Search,672316,61062,4899,1436710.0
2021-07-05 00:00,Social Media,620714,56722,4449,1266671.0
2021-07-06 00:00,Display,656499,69948,5695,1544693.0
2021-07-06 00:00,Email,638350,64553,5434,1535563.0
2021-07-06 00:00,Influencer,558896,58882,4928,1354902.0
2021-07-06 00:00,Search,604938,53679,4455,1352092.0
2021-07-06 00:00,Social Media,482263,50469,3980,1031203.0
2021-07-07 00:00,Display,544824,56934,4306,1315398.0
2021-07-07 00:00,Email,597709,59939,4561,1425854.0
2021-07-07 00:00,Influencer,701754,64163,5023,1379296.0
2021-07-07 00:00,Search,636603,63675,5580,1326177.0
2021-07-07 00:00,Social Media,522185,58608,5096,1268266.0
2021-07-08 00:00,Display,572797,60495,5103,1311502.0
2021-07-08 00:00,Email,595826,63268,4834,1301098.0
2021-07-08 00:00,Influencer,571980,56759,4820,1323265.0
2021-07-08 00:00,Search,591203,63766,5018,1439717.0
2021-07-08 00:00,Social Media,711402,66191,5136,1387967.0
2021-07-09 00:00,Display,635968,59713,4711,1403384.0
2021-07-09 00:00,Email,633032,63317,5587,1350390.0
2021-07-09 00:00,Influencer,550169,56543,4756,1298254.0
2021-07-09 00:00,Search,667704,63776,5190,1372556.0
2021-07-09 00:00,Social Media,580420,58683,4790,1463584.0
2021-07-10 00:00,Display,715859,70840,5941,1595131.0
2021-07-10 00:00,Email,632039,59415,4830,1407277.0
2021-07-10 00:00,Influencer,540428,51054,3809,1307156.0
2021-07-10 00:00,Search,561561,56545,4586,1338744.0
2021-07-10 00:00,Social Media,593641,58724,4929,1338888.0
2021-07-11 00:00,Display,606615,61571,5142,1264845.0
2021-07-11 00:00,Email,496503,58928,4568,1252866.0
2021-07-11 00:00,Influencer,608996,65842,5014,1402140.0
2021-07-11 00:00,Search,587252,55847,4345,1357673.0
2021-07-11 00:00,Social Media,634692,67365,5440,1537151.0
2021-07-12 00:00,Display,547445,52333,4080,1296200.0
2021-07-12 00:00,Email,575620,59722,4094,1300150.0
2021-07-12 00:00,Influencer,624544,66451,5725,1511602.0
2021-07-12 00:00,Search,657078,62783,4903,1388356.0
2021-07-12 00:00,Social Media,544796,56176,4979,1342043.0
2021-07-13 00:00,Display,630726,63642,5134,1369985.0
2021-07-13 00:00,Email,595803,57672,4685,1421565.0
2021-07-13 00:00,Influencer,618850,61397,4981,1451262.0
2021-07-13 00:00,Search,593350,56955,4741,1401502.0
2021-07-13 00:00,Social Media,535683,57803,4886,1222185.0
2021-07-14 00:00,Display,665919,63471,4676,1474802.0
2021-07-14 00:00,Email,680208,63425,5202,1456909.0
2021-07-14 00:00,Influencer,642075,72521,5304,1533967.0
2021-07-14 00:00,Search,533259,52997,4235,1278581.0
2021-07-14 00:00,Social Media,495134,54299,4615,1164778.0
2021-07-15 00:00,Display,665776,65508,5406,1490350.0
2021-07-15 00:00,Email,539609,53834,4583,1264354.0
2021-07-15 00:00,Influencer,734026,69790,5434,1651914.0
2021-07-15 00:00,Search,569010,56020,4455,1293952.0
2021-07-15 00:00,Social Media,567612,56509,4640,1334322.0
2021-07-16 00:00,Display,531194,53205,4292,1139875.0
2021-07-16 00:00,Email,644084,64656,5555,1485240.0
2021-07-16 00:00,Influencer,673025,60838,4498,1476952.0
2021-07-16 00:00,Search,637875,63019,4931,1391646.0
2021-07-16 00:00,Social Media,634856,63986,4711,1471655.0
2021-07-17 00:00,Display,587959,56978,4445,1257396.0
2021-07-17 00:00,Email,475456,56326,4036,1174934.0
2021-07-17 00:00,Influencer,592231,55988,4495,1356323.0
2021-07-17 00:00,Search,628571,61326,4706,1499215.0
2021-07-17 00:00,Social Media,623377,68584,5559,1562960.0
2021-07-18 00:00,Display,618534,65572,5179,1432770.0
2021-07-18 00:00,Email,565759,58301,4724,1317777.0
2021-07-18 00:00,Influencer,618849,65702,4796,1393740.0
2021-07-18 00:00,Search,648805,65785,4283,1566799.0
2021-07-18 00:00,Social Media,508160,52037,4379,1137023.0
2021-07-19 00:00,Display,573177,54838,4519,1365768.0
2021-07-19 00:00,Email,614553,61206,5554,1390169.0
2021-07-19 00:00,Influencer,616472,61411,5219,1493214.0
2021-07-19 00:00,Search,524416,51416,3719,1180928.0
2021-07-19 00:00,Social Media,657419,64528,5075,1479942.0
2021-07-20 00:00,Display,601169,58724,4437,1202377.0
2021-07-20 00:00,Email,556206,62382,4933,1282421.0
2021-07-20 00:00,Influencer,592539,60567,5224,1302654.0
2021-07-20 00:00,Search,631201,62410,4603,1359313.0
2021-07-20 00:00,Social Media,671133,55990,4189,1406802.0
2021-07-21 00:00,Display,597804,56227,4411,1426833.0
2021-07-21 00:00,Email,523655,57869,4924,1115850.0
2021-07-21 00:00,Influencer,662460,63794,4927,1537050.0
2021-07-21 00:00,Search,634945,57356,4730,1432578.0
2021-07-21 00:00,Social Media,610130,61568,4817,1437080.0
2021-07-22 00:00,Display,740967,69079,5670,1761028.0
2021-07-22 00:00,Email,665242,64339,5117,1464525.0
2021-07-22 00:00,Influencer,545454,54099,4446,1233795.0
2021-07-22 00:00,Search,477752,53731,3916,1257899.0
2021-07-22 00:00,Social Media,516324,54682,4047,1242914.0
2021-07-23 00:00,Display,666852,65137,5480,1512263.0
2021-07-23 00:00,Email,602242,58654,4534,1344384.0
2021-07-23 00:00,Influencer,640370,63731,5425,1432318.0
2021-07-23 00:00,Search,566073,55862,4563,1330130.0
2021-07-23 00:00,Social Media,570766,58098,4450,1316088.0
2021-07-24 00:00,Display,511421,66833,5182,1353091.0
2021-07-24 00:00,Email,634343,65420,5236,1495981.0
2021-07-24 00:00,Influencer,572092,58707,4913,1333670.0
2021-07-24 00:00,Search,597653,60702,4971,1293491.0
2021-07-24 00:00,Social Media,575894,54042,4354,1260532.0
2021-07-25 00:00,Display,630970,61492,4875,1469495.0
2021-07-25 00:00,Email,580314,57498,4944,1303612.0
2021-07-25 00:00,Influencer,535251,55885,4316,1350834.0
2021-07-25 00:00,Search,690441,72040,5417,1576347.0
2021-07-25 00:00,Social Media,538716,60060,5426,1250128.0
2021-07-26 00:00,Display,618466,59037,4973,1372023.0
2021-07-26 00:00,Email,499363,57729,4678,1218177.0
2021-07-26 00:00,Influencer,453438,45832,3816,1074270.0
2021-07-26 00:00,Search,692580,75191,6098,1534164.0
2021-07-26 00:00,Social Media,717726,71272,5191,1567439.0
2021-07-27 00:00,Display,583589,57740,4301,1320523.0
2021-07-27 00:00,Email,559312,54390,4413,1284401.0
2021-07-27 00:00,Influencer,567089,60571,4285,1333796.0
2021-07-27 00:00,Search,697686,70106,6137,1484250.0
2021-07-27 00:00,Social Media,629969,61417,5044,1363699.0
2021-07-28 00:00,Display,542911,53816,4391,1334550.0
2021-07-28 00:00,Email,679729,69369,5803,1537295.0
2021-07-28 00:00,Influencer,596317,50545,4019,1351351.0
2021-07-28 00:00,Search,566440,53542,4467,1343255.0
2021-07-28 00:00,Social Media,551768,54393,4482,1178688.0
2021-07-29 00:00,Display,611553,62892,5406,1378868.0
2021-07-29 00:00,Email,466191,47473,3612,1057749.0
2021-07-29 00:00,Influencer,740234,67484,5747,1581119.0
2021-07-29 00:00,Search,656527,67617,5330,1570621.0
2021-07-29 00:00,Social Media,517855,51216,4280,1119437.0
2021-07-30 00:00,Display,537771,56036,4271,1298597.0
2021-07-30 00:00,Email,624477,57767,4368,1398640.0
2021-07-30 00:00,Influencer,680676,66911,5367,1444936.0
2021-07-30 00:00,Search,684387,72926,5644,1501802.0
2021-07-30 00:00,Social Media,507277,50605,4310,1129693.0
2021-07-31 00:00,Display,580341,57911,4697,1269290.0
2021-07-31 00:00,Email,732414,68737,5519,1695975.0
2021-07-31 00:00,Influencer,614566,62684,5095,1507666.0
2021-07-31 00:00,Search,513445,52913,4606,1277958.0
2021-07-31 00:00,Social Media,571670,57832,4212,1227506.0
2021-08-01 00:00,Display,584850,57328,4528,1385314.0
2021-08-01 00:00,Email,556058,50136,3764,1270065.0
2021-08-01 00:00,Influencer,555562,56065,4530,1309447.0
2021-08-01 00:00,Search,699695,65612,4959,1659909.0
2021-08-01 00:00,Social Media,565163,57963,4710,1421690.0
2021-08-02 00:00,Display,561549,53364,4590,1268425.0
2021-08-02 00:00,Email,630825,61371,5175,1329044.0
2021-08-02 00:00,Influencer,608095,66232,5205,1389943.0
2021-08-02 00:00,Search,689424,71422,5145,1593644.0
2021-08-02 00:00,Social Media,496519,55093,4375,1049201.0
2021-08-03 00:00,Display,663552,60785,5463,1374903.0
2021-08-03 00:00,Email,674132,64166,4917,1395237.0
2021-08-03 00:00,Influencer,687685,68970,5183,1485800.0
2021-08-03 00:00,Search,528450,50854,3971,1278295.0
2021-08-03 00:00,Social Media,545876,54641,4344,1335035.0
2021-08-04 00:00,Display,642651,68116,5340,1493844.0
2021-08-04 00:00,Email,601749,60462,4913,1413046.0
2021-08-04 00:00,Influencer,507120,49601,3579,1202057.0
2021-08-04 00:00,Search,626104,64454,5335,1556304.0
2021-08-04 00:00,Social Media,559049,60604,5003,1263884.0
2021-08-05 00:00,Display,568585,50957,3713,1292725.0
2021-08-05 00:00,Email,570537,51315,4033,1340406.0
2021-08-05 00:00,Influencer,603097,64354,5254,1482793.0
2021-08-05 00:00,Search,664390,63991,4711,1424618.0
2021-08-05 00:00,Social Media,624152,56740,4782,1483503.0
2021-08-06 00:00,Display,633906,61037,4962,1373650.0
2021-08-06 00:00,Email,561641,58908,4862,1461649.0
2021-08-06 00:00,Influencer,588797,56957,4729,1276886.0
2021-08-06 00:00,Search,620738,63559,4871,1393950.0
2021-08-06 00:00,Social Media,619880,59030,4425,1374310.0
2021-08-07 00:00,Display,627087,55699,4144,1318646.0
2021-08-07 00:00,Email,693695,63547,4901,1484533.0
2021-08-07 00:00,Influencer,562808,50440,4263,1202813.0
2021-08-07 00:00,Search,576423,59188,4624,1408865.0
2021-08-07 00:00,Social Media,634202,65157,5086,1493138.0
2021-08-08 00:00,Display,616032,68522,5220,1524418.0
2021-08-08 00:00,Email,453725,47104,4133,1078230.0
2021-08-08 00:00,Influencer,632224,68091,5713,1533720.0
2021-08-08 00:00,Search,549382,51631,4184,1203623.0
2021-08-08 00:00,Social Media,737299,66697,5392,1532605.0
2021-08-09 00:00,Display,678368,64288,4927,1487546.0
2021-08-09 00:00,Email,652144,66013,4831,1343891.0
2021-08-09 00:00,Influencer,589782,57135,4396,1337436.0
2021-08-09 00:00,Search,608731,58729,5075,1369015.0
2021-08-09 00:00,Social Media,537056,54458,3799,1258006.0
2021-08-10 00:00,Display,630025,64546,5223,1466929.0
2021-08-10 00:00,Email,675812,64080,5167,1524148.0
2021-08-10 00:00,Influencer,622740,61977,4748,1428378.0
2021-08-10 00:00,Search,604460,62111,5506,1443365.0
2021-08-10 00:00,Social Media,434693,43868,3610,1123650.0
2021-08-11 00:00,Display,525733,59360,4835,1342745.0
2021-08-11 00:00,Email,661406,66028,5405,1526167.0
2021-08-11 00:00,Influencer,620046,60760,4502,1394313.0
2021-08-11 00:00,Search,594412,56937,4269,1305789.0
2021-08-11 00:00,Social Media,611364,58866,4704,1296445.0
2021-08-12 00:00,Display,601251,59978,4736,1367208.0
2021-08-12 00:00,Email,569241,55997,4726,1458291.0
2021-08-12 00:00,Influencer,591561,58521,4910,1339538.0
2021-08-12 00:00,Search,622283,60887,4678,1407083.0
2021-08-12 00:00,Social Media,620444,61083,5223,1436184.0
2021-08-13 00:00,Display,520788,56867,4386,1276696.0
2021-08-13 00:00,Email,651242,65810,5352,1342773.0
2021-08-13 00:00,Influencer,534528,59242,5398,1345482.0
2021-08-13 00:00,Search,531811,60372,4683,1261196.0
2021-08-13 00:00,Social Media,661516,60385,4373,1437770.0
2021-08-14 00:00,Display,635330,63314,4982,1520489.0
2021-08-14 00:00,Email,620081,61599,4948,1408845.0
2021-08-14 00:00,Influencer,551179,60625,4822,1249539.0
2021-08-14 00:00,Search,564277,56362,4317,1235682.0
2021-08-14 00:00,Social Media,628520,60236,4513,1397199.0
2021-08-15 00:00,Display,503870,42695,3441,1167946.0
2021-08-15 00:00,Email,660721,61868,4555,1492114.0
2021-08-15 00:00,Influencer,654151,63625,5394,1487080.0
2021-08-15 00:00,Search,621094,55818,4436,1406142.0
2021-08-15 00:00,Social Media,620454,62705,4604,1433278.0
2021-08-16 00:00,Display,622948,63414,4841,1308695.0
2021-08-16 00:00,Email,581412,56008,4497,1235263.0
2021-08-16 00:00,Influencer,727353,70948,5657,1641215.0
2021-08-16 00:00,Search,616464,63165,5123,1437736.0
2021-08-16 00:00,Social Media,525602,53018,4078,1183676.0
2021-08-17 00:00,Display,586214,56002,4222,1276252.0
2021-08-17 00:00,Email,596578,60225,4693,1345464.0
2021-08-17 00:00,Influencer,606602,57659,4741,1349555.0
2021-08-17 00:00,Search,557225,54904,4639,1197587.0
2021-08-17 00:00,Social Media,684870,69965,5408,1602716.0
2021-08-18 00:00,Display,619331,60205,4495,1386369.0
2021-08-18 00:00,Email,667609,63673,4732,1458725.0
2021-08-18 00:00,Influencer,585757,62016,4869,1284464.0
2021-08-18 00:00,Search,601151,58328,4823,1260460.0
2021-08-18 00:00,Social Media,557347,57948,4356,1405369.0
2021-08-19 00:00,Display,607626,63050,5545,1421542.0
2021-08-19 00:00,Email,630563,61061,5253,1280403.0
2021-08-19 00:00,Influencer,648706,64075,5476,1472086.0
2021-08-19 00:00,Search,626122,57795,4880,1347682.0
2021-08-19 00:00,Social Media,590011,57733,4263,1438814.0
2021-08-20 00:00,Display,595069,57670,4699,1311998.0
2021-08-20 00:00,Email,621758,58971,5100,1358224.0
2021-08-20 00:00,Influencer,664293,72479,5423,1735570.0
2021-08-20 00:00,Search,611334,62485,4889,1473861.0
2021-08-20 00:00,Social Media,526618,52745,4011,1294259.0
2021-08-21 00:00,Display,592927,57850,4741,1294192.0
2021-08-21 00:00,Email,671466,66982,5161,1479001.0
2021-08-21 00:00,Influencer,563703,56543,4710,1206403.0
2021-08-21 00:00,Search,661790,67047,5466,1500821.0
2021-08-21 00:00,Social Media,563431,63140,5221,1425306.0
2021-08-22 00:00,Display,557643,60677,5080,1352082.0
2021-08-22 00:00,Email,487986,47981,4008,1021462.0
2021-08-22 00:00,Influencer,660494,62508,4606,1532449.0
2021-08-22 00:00,Search,608548,57976,4776,1261909.0
2021-08-22 00:00,Social Media,694296,65824,5119,1614816.0
2021-08-23 00:00,Display,580121,58567,4852,1357161.0
2021-08-23 00:00,Email,682934,64111,5596,1609646.0
2021-08-23 00:00,Influencer,641364,64039,5277,1435088.0
2021-08-23 00:00,Search,593644,65294,4966,1402058.0
2021-08-23 00:00,Social Media,531577,46853,3629,1103410.0
2021-08-24 00:00,Display,662505,73650,5762,1546455.0
2021-08-24 00:00,Email,590883,61178,4481,1288176.0
2021-08-24 00:00,Influencer,605741,57264,4935,1482377.0
2021-08-24 00:00,Search,494263,52412,3605,1160130.0
2021-08-24 00:00,Social Media,608667,61455,4784,1399679.0
2021-08-25 00:00,Display,663403,64121,4841,1439107.0
2021-08-25 00:00,Email,520505,54293,4921,1276311.0
2021-08-25 00:00,Influencer,589970,56200,4392,1323803.0
2021-08-25 00:00,Search,610270,59362,4750,1361822.0
2021-08-25 00:00,Social Media,600214,62346,4646,1418574.0
2021-08-26 00:00,Display,658431,63502,4867,1407841.0
2021-08-26 00:00,Email,561420,53946,4112,1296695.0
2021-08-26 00:00,Influencer,609191,61207,5025,1335275.0
2021-08-26 00:00,Search,572843,62595,4682,1380421.0
2021-08-26 00:00,Social Media,657006,65305,5020,1474040.0
2021-08-27 00:00,Display,621297,68026,5145,1536440.0
2021-08-27 00:00,Email,662883,63715,5341,1490872.0
2021-08-27 00:00,Influencer,586591,60549,5009,1349523.0
2021-08-27 00:00,Search,590978,55365,4469,1273398.0
2021-08-27 00:00,Social Media,617729,58864,4889,1392030.0
2021-08-28 00:00,Display,590830,58566,4667,1348312.0
2021-08-28 00:00,Email,602152,57468,4187,1319323.0
2021-08-28 00:00,Influencer,575070,51125,3833,1306725.0
2021-08-28 00:00,Search,656436,69386,6128,1460900.0
2021-08-28 00:00,Social Media,636538,66026,5446,1488667.0
2021-08-29 00:00,Display,619665,54155,4242,1310195.0
2021-08-29 00:00,Email,622045,62939,4930,1354509.0
2021-08-29 00:00,Influencer,546632,57263,4811,1231896.0
2021-08-29 00:00,Search,666292,64791,5109,1451245.0
2021-08-29 00:00,Social Media,681894,61319,4594,1532909.0
2021-08-30 00:00,Display,652342,63580,5267,1466332.0
2021-08-30 00:00,Email,616993,66212,5660,1544018.0
2021-08-30 00:00,Influencer,543854,59174,4959,1333844.0
2021-08-30 00:00,Search,667689,60807,4580,1403484.0
2021-08-30 00:00,Social Media,549394,52987,4376,1232848.0
2021-08-31 00:00,Display,603973,61501,4661,1319235.0
2021-08-31 00:00,Email,591742,60215,5074,1486322.0
2021-08-31 00:00,Influencer,567585,61257,4693,1362029.0
2021-08-31 00:00,Search,632798,59303,5067,1280609.0
2021-08-31 00:00,Social Media,608200,56541,4381,1296768.0
2021-09-01 00:00,Display,529328,57747,4552,1258617.0
2021-09-01 00:00,Email,642546,57690,4518,1405816.0
2021-09-01 00:00,Influencer,544166,54034,4707,1243539.0
2021-09-01 00:00,Search,576614,59525,4844,1335035.0
2021-09-01 00:00,Social Media,653662,65352,5204,1595463.0
2021-09-02 00:00,Display,531700,56060,4804,1302149.0
2021-09-02 00:00,Email,688984,70691,5852,1715718.0
2021-09-02 00:00,Influencer,704921,68357,5847,1489260.0
2021-09-02 00:00,Search,538167,55527,4159,1306440.0
2021-09-02 00:00,Social Media,519107,47366,3711,1221705.0
2021-09-03 00:00,Display,528435,53675,4339,1260456.0
2021-09-03 00:00,Email,705600,67181,5384,1510703.0
2021-09-03 00:00,Influencer,588096,53049,4226,1278608.0
2021-09-03 00:00,Search,585559,58061,4859,1387078.0
2021-09-03 00:00,Social Media,708363,65349,5677,1421290.0
2021-09-04 00:00,Display,682788,71497,5287,1579927.0
2021-09-04 00:00,Email,565670,56100,4660,1297831.0
2021-09-04 00:00,Influencer,515914,52263,4202,1179842.0
2021-09-04 00:00,Search,684680,63818,4883,1443044.0
2021-09-04 00:00,Social Media,542143,60703,4906,1254609.0
2021-09-05 00:00,Display,557339,59220,4963,1331625.0
2021-09-05 00:00,Email,645415,58885,4917,1426968.0
2021-09-05 00:00,Influencer,541991,59537,4907,1296418.0
2021-09-05 00:00,Search,596698,62989,5082,1339146.0
2021-09-05 00:00,Social Media,700684,67874,5610,1454861.0
2021-09-06 00:00,Display,613842,59480,4654,1373465.0
2021-09-06 00:00,Email,702385,67837,5192,1510341.0
2021-09-06 00:00,Influencer,582474,56910,4486,1390204.0
2021-09-06 00:00,Search,590436,56154,4446,1291419.0
2021-09-06 00:00,Social Media,563703,58226,4238,1324674.0
2021-09-07 00:00,Display,604831,60666,5228,1323230.0
2021-09-07 00:00,Email,637554,62182,5293,1391251.0
2021-09-07 00:00,Influencer,569502,62217,5232,1307963.0
2021-09-07 00:00,Search,659435,62805,5131,1495328.0
2021-09-07 00:00,Social Media,551185,54502,4146,1238840.0
2021-09-08 00:00,Display,546053,57611,4378,1296943.0
2021-09-08 00:00,Email,621328,57049,4215,1376524.0
2021-09-08 00:00,Influencer,637695,59943,4883,1573106.0
2021-09-08 00:00,Search,568309,61863,4939,1376115.0
2021-09-08 00:00,Social Media,560457,58318,4703,1347395.0
2021-09-09 00:00,Display,536071,56302,4329,1258705.0
2021-09-09 00:00,Email,660053,70305,5521,1567296.0
2021-09-09 00:00,Influencer,554654,54180,4022,1288508.0
2021-09-09 00:00,Search,613846,61653,5157,1458361.0
2021-09-09 00:00,Social Media,570436,59451,5127,1324062.0
2021-09-10 00:00,Display,681050,73728,5658,1642919.0
2021-09-10 00:00,Email,540569,57920,5191,1338458.0
2021-09-10 00:00,Influencer,621284,52967,4544,1362239.0
2021-09-10 00:00,Search,645229,61327,4766,1439315.0
2021-09-10 00:00,Social Media,484056,48562,3650,1156721.0
2021-09-11 00:00,Display,625882,62470,5074,1381399.0
2021-09-11 00:00,Email,603195,64540,5418,1478437.0
2021-09-11 00:00,Influencer,628457,62949,5484,1452566.0
2021-09-11 00:00,Search,619500,59318,4948,1418522.0
2021-09-11 00:00,Social Media,545400,55604,4313,1323199.0
2021-09-12 00:00,Display,700147,69712,5608,1538721.0
2021-09-12 00:00,Email,593002,62682,5443,1222506.0
2021-09-12 00:00,Influencer,595864,67182,5484,1374114.0
2021-09-12 00:00,Search,524585,54870,4643,1136605.0
2021-09-12 00:00,Social Media,693551,71965,5439,1483137.0
2021-09-13 00:00,Display,612373,63233,4718,1446593.0
2021-09-13 00:00,Email,685891,65023,5031,1374977.0
2021-09-13 00:00,Influencer,566839,57585,4838,1319054.0
2021-09-13 00:00,Search,532614,55631,4536,1278056.0
2021-09-13 00:00,Social Media,661918,64969,5446,1441267.0
2021-09-14 00:00,Display,628865,58144,5054,1407244.0
2021-09-14 00:00,Email,630573,59509,5017,1448212.0
2021-09-14 00:00,Influencer,619319,60041,5204,1457419.0
2021-09-14 00:00,Search,645957,58221,4796,1398481.0
2021-09-14 00:00,Social Media,542954,50663,4061,1240690.0
2021-09-15 00:00,Display,617938,55055,3962,1318841.0
2021-09-15 00:00,Email,752507,76583,6077,1559475.0
2021-09-15 00:00,Influencer,624043,62869,5469,1410734.0
2021-09-15 00:00,Search,495333,49194,3873,1142648.0
2021-09-15 00:00,Social Media,564116,59398,4282,1424683.0
2021-09-16 00:00,Display,550689,60575,4999,1343039.0
2021-09-16 00:00,Email,628359,54931,4640,1343362.0
2021-09-16 00:00,Influencer,656399,67147,5050,1447422.0
2021-09-16 00:00,Search,552893,59791,4717,1332572.0
2021-09-16 00:00,Social Media,632826,62993,5389,1371592.0
2021-09-17 00:00,Display,671451,64180,5188,1624116.0
2021-09-17 00:00,Email,499496,51334,3765,1117369.0
2021-09-17 00:00,Influencer,523380,57946,4472,1181615.0
2021-09-17 00:00,Search,670162,65948,5321,1578965.0
2021-09-17 00:00,Social Media,600633,57020,4767,1464386.0
2021-09-18 00:00,Display,550712,63456,5103,1342387.0
2021-09-18 00:00,Email,613157,60827,5815,1301623.0
2021-09-18 00:00,Influencer,620313,57550,4705,1335598.0
2021-09-18 00:00,Search,676891,65953,4782,1517041.0
2021-09-18 00:00,Social Media,573812,58309,4560,1376931.0
2021-09-19 00:00,Display,676107,59128,4766,1404418.0
2021-09-19 00:00,Email,669499,67135,5090,1498368.0
2021-09-19 00:00,Influencer,505846,48425,3623,1100150.0
2021-09-19 00:00,Search,699446,71018,5552,1562427.0
2021-09-19 00:00,Social Media,545936,58181,4818,1286845.0
2021-09-20 00:00,Display,559638,56245,4550,1132097.0
2021-09-20 00:00,Email,583073,57431,4210,1229253.0
2021-09-20 00:00,Influencer,612469,56791,4370,1330288.0
2021-09-20 00:00,Search,652843,59510,4961,1353169.0
2021-09-20 00:00,Social Media,695747,70519,5504,1549601.0
2021-09-21 00:00,Display,613356,69427,4967,1489979.0
2021-09-21 00:00,Email,688329,69232,5409,1474961.0
2021-09-21 00:00,Influencer,615204,62309,5245,1376430.0
2021-09-21 00:00,Search,532229,51335,3885,1159445.0
2021-09-21 00:00,Social Media,511569,57373,4376,1213584.0
2021-09-22 00:00,Display,643619,70091,5777,1435149.0
2021-09-22 00:00,Email,650096,64671,4952,1511075.0
2021-09-22 00:00,Influencer,561241,59528,4575,1359100.0
2021-09-22 00:00,Search,524315,58018,4785,1062079.0
2021-09-22 00:00,Social Media,640789,64291,5405,1449502.0
2021-09-23 00:00,Display,590020,54292,4846,1199336.0
2021-09-23 00:00,Email,628084,63234,5044,1383684.0
2021-09-23 00:00,Influencer,625081,60971,4889,1462465.0
2021-09-23 00:00,Search,682741,67827,5023,1670882.0
2021-09-23 00:00,Social Media,478373,54780,4358,1178495.0
2021-09-24 00:00,Display,629715,60493,4320,1375211.0
2021-09-24 00:00,Email,605511,60751,4797,1427864.0
2021-09-24 00:00,Influencer,648396,63421,5063,1331353.0
2021-09-24 00:00,Search,516586,63470,5156,1469597.0
2021-09-24 00:00,Social Media,596760,57936,4946,1303520.0
2021-09-25 00:00,Display,687081,69274,5747,1625948.0
2021-09-25 00:00,Email,652489,67239,5628,1461765.0
2021-09-25 00:00,Influencer,640829,59944,4672,1404361.0
2021-09-25 00:00,Search,473592,50296,3931,1172718.0
2021-09-25 00:00,Social Media,564923,54295,4390,1251084.0
2021-09-26 00:00,Display,498491,49826,3905,1160943.0
2021-09-26 00:00,Email,634703,55997,4895,1568269.0
2021-09-26 00:00,Influencer,587524,61301,5105,1426410.0
2021-09-26 00:00,Search,675380,67913,5035,1554685.0
2021-09-26 00:00,Social Media,567445,58879,4483,1313616.0
2021-09-27 00:00,Display,647539,61906,5374,1376486.0
2021-09-27 00:00,Email,685270,67613,4635,1565377.0
2021-09-27 00:00,Influencer,519684,55995,4424,1191700.0
2021-09-27 00:00,Search,563703,54855,4635,1337246.0
2021-09-27 00:00,Social Media,616035,61715,4763,1448939.0
2021-09-28 00:00,Display,551735,50962,3843,1244373.0
2021-09-28 00:00,Email,597331,58584,4879,1262207.0
2021-09-28 00:00,Influencer,597548,61672,4983,1402848.0
2021-09-28 00:00,Search,667073,62029,4908,1384002.0
2021-09-28 00:00,Social Media,641119,70797,5564,1508868.0
2021-09-29 00:00,Display,646179,60071,4626,1414056.0
2021-09-29 00:00,Email,576880,60012,5057,1274007.0
2021-09-29 00:00,Influencer,597860,59762,5234,1358492.0
2021-09-29 00:00,Search,520164,50172,4201,1260944.0
2021-09-29 00:00,Social Media,693366,69313,5648,1601938.0
2021-09-30 00:00,Display,628787,63927,5094,1402490.0
2021-09-30 00:00,Email,670151,66114,5167,1572871.0
2021-09-30 00:00,Influencer,615138,62988,5049,1427950.0
2021-09-30 00:00,Search,586407,52952,4195,1287228.0
2021-09-30 00:00,Social Media,544255,55016,4884,1286624.0
2021-10-01 00:00,Display,641047,60453,4815,1480849.0
2021-10-01 00:00,Email,593018,59315,4510,1375056.0
2021-10-01 00:00,Influencer,458712,41731,3452,1071579.0
2021-10-01 00:00,Search,694125,66969,5424,1489109.0
2021-10-01 00:00,Social Media,609005,64003,5505,1447696.0
2021-10-02 00:00,Display,606162,61010,4768,1364086.0
2021-10-02 00:00,Email,516276,51728,3939,1154254.0
2021-10-02 00:00,Influencer,530321,57602,4482,1281998.0
2021-10-02 00:00,Search,578917,62528,4921,1424953.0
2021-10-02 00:00,Social Media,679428,73753,6332,1661949.0
2021-10-03 00:00,Display,573905,60367,5179,1348881.0
2021-10-03 00:00,Email,700035,60244,4661,1340397.0
2021-10-03 00:00,Influencer,595963,59836,4875,1414198.0
2021-10-03 00:00,Search,547554,53589,4067,1285629.0
2021-10-03 00:00,Social Media,606933,60345,5070,1419221.0
2021-10-04 00:00,Display,599515,63378,5428,1400071.0
2021-10-04 00:00,Email,633057,61506,4776,1432426.0
2021-10-04 00:00,Influencer,556853,64638,5036,1328653.0
2021-10-04 00:00,Search,578839,56674,4341,1360787.0
2021-10-04 00:00,Social Media,590465,60732,5087,1434475.0
2021-10-05 00:00,Display,573231,51370,4113,1259850.0
2021-10-05 00:00,Email,572802,63357,4722,1338688.0
2021-10-05 00:00,Influencer,572277,57192,4304,1260992.0
2021-10-05 00:00,Search,729339,66035,4818,1488587.0
2021-10-05 00:00,Social Media,654374,65678,5277,1590590.0
2021-10-06 00:00,Display,630966,60760,4537,1347876.0
2021-10-06 00:00,Email,552708,53037,4116,1263099.0
2021-10-06 00:00,Influencer,639702,62404,4906,1497834.0
2021-10-06 00:00,Search,542094,54057,4885,1227722.0
2021-10-06 00:00,Social Media,687187,66184,4853,1440212.0
2021-10-07 00:00,Display,696494,70039,5586,1568773.0
2021-10-07 00:00,Email,521281,55906,4836,1296737.0
2021-10-07 00:00,Influencer,591279,54699,4514,1384752.0
2021-10-07 00:00,Search,517175,49765,4216,1165677.0
2021-10-07 00:00,Social Media,682399,64029,5261,1513544.0
2021-10-08 00:00,Display,613871,63734,5041,1434187.0
2021-10-08 00:00,Email,531941,50755,3883,1265598.0
2021-10-08 00:00,Influencer,630511,58503,4350,1439343.0
2021-10-08 00:00,Search,621565,63937,5202,1438554.0
2021-10-08 00:00,Social Media,606007,55021,4472,1341193.0
2021-10-09 00:00,Display,659476,62068,4949,1436003.0
2021-10-09 00:00,Email,597220,60117,4892,1353856.0
2021-10-09 00:00,Influencer,657487,66374,5368,1383878.0
2021-10-09 00:00,Search,686839,64670,4990,1506736.0
2021-10-09 00:00,Social Media,564700,53820,4123,1176999.0
2021-10-10 00:00,Display,619524,63499,4912,1471887.0
2021-10-10 00:00,Email,628628,62025,5143,1395598.0
2021-10-10 00:00,Influencer,541766,56613,4353,1296782.0
2021-10-10 00:00,Search,637261,64407,4993,1464487.0
2021-10-10 00:00,Social Media,556578,51690,3768,1155299.0
2021-10-11 00:00,Display,535741,59630,5270,1274132.0
2021-10-11 00:00,Email,649548,62524,5358,1375683.0
2021-10-11 00:00,Influencer,666654,67700,5885,1489806.0
2021-10-11 00:00,Search,620509,55587,4427,1448036.0
2021-10-11 00:00,Social Media,544439,54856,4508,1254998.0
2021-10-12 00:00,Display,597005,63639,4970,1270253.0
2021-10-12 00:00,Email,565766,64171,4888,1310461.0
2021-10-12 00:00,Influencer,644347,66294,5063,1434592.0
2021-10-12 00:00,Search,627567,65309,5113,1387680.0
2021-10-12 00:00,Social Media,533292,60383,5050,1252431.0
2021-10-13 00:00,Display,621555,60984,4877,1420679.0
2021-10-13 00:00,Email,633409,65016,5392,1405409.0
2021-10-13 00:00,Influencer,620789,63335,5190,1456620.0
2021-10-13 00:00,Search,581520,60327,4266,1290035.0
2021-10-13 00:00,Social Media,560883,54285,4426,1213095.0
2021-10-14 00:00,Display,677723,63159,5080,1620225.0
2021-10-14 00:00,Email,556151,64281,5274,1363773.0
2021-10-14 00:00,Influencer,643790,65039,5521,1387575.0
2021-10-14 00:00,Search,587083,55496,3961,1170867.0
2021-10-14 00:00,Social Media,572679,54268,4424,1368961.0
2021-10-15 00:00,Display,534499,55048,4390,1304504.0
2021-10-15 00:00,Email,660473,64178,5030,1451893.0
2021-10-15 00:00,Influencer,647862,68379,5290,1498250.0
2021-10-15 00:00,Search,575591,55573,4598,1267995.0
2021-10-15 00:00,Social Media,575056,56163,4339,1352808.0
2021-10-16 00:00,Display,569935,55580,4117,1342664.0
2021-10-16 00:00,Email,589007,52433,4333,1253728.0
2021-10-16 00:00,Influencer,630901,67409,5709,1512542.0
2021-10-16 00:00,Search,711150,66467,4958,1593960.0
2021-10-16 00:00,Social Media,556210,58013,4415,1247017.0
2021-10-17 00:00,Display,596976,70156,6015,1451346.0
2021-10-17 00:00,Email,591323,56332,4531,1197180.0
2021-10-17 00:00,Influencer,703838,67522,5720,1542930.0
2021-10-17 00:00,Search,627009,52866,4004,1409363.0
2021-10-17 00:00,Social Media,601129,58747,4754,1264990.0
2021-10-18 00:00,Display,605617,59844,5094,1425009.0
2021-10-18 00:00,Email,628883,63063,5074,1359966.0
2021-10-18 00:00,Influencer,668218,68221,5658,1527645.0
2021-10-18 00:00,Search,622188,60613,4711,1385004.0
2021-10-18 00:00,Social Media,464820,50058,3935,1127510.0
2021-10-19 00:00,Display,616726,62200,5152,1407536.0
2021-10-19 00:00,Email,509974,53119,4382,1152648.0
2021-10-19 00:00,Influencer,663657,71029,5785,1628001.0
2021-10-19 00:00,Search,589830,61662,4850,1327206.0
2021-10-19 00:00,Social Media,597986,57808,4464,1384027.0
2021-10-20 00:00,Display,518834,55375,4318,1277710.0
2021-10-20 00:00,Email,576008,62476,5039,1342056.0
2021-10-20 00:00,Influencer,620979,65092,5119,1484573.0
2021-10-20 00:00,Search,642032,63459,4757,1401245.0
2021-10-20 00:00,Social Media,664609,72268,6150,1507039.0
2021-10-21 00:00,Display,618328,67854,5210,1401866.0
2021-10-21 00:00,Email,560784,47421,3514,1221156.0
2021-10-21 00:00,Influencer,632252,61580,5087,1327008.0
2021-10-21 00:00,Search,604943,64509,5021,1404830.0
2021-10-21 00:00,Social Media,642528,66946,5148,1502146.0
2021-10-22 00:00,Display,635383,61663,5202,1444922.0
2021-10-22 00:00,Email,589843,55969,4249,1326955.0
2021-10-22 00:00,Influencer,562040,54489,4756,1348208.0
2021-10-22 00:00,Search,542225,58082,4303,1227409.0
2021-10-22 00:00,Social Media,668727,68100,5422,1605041.0
2021-10-23 00:00,Display,497379,54443,4583,1283691.0
2021-10-23 00:00,Email,576660,63978,5470,1431506.0
2021-10-23 00:00,Influencer,721549,71916,6082,1510384.0
2021-10-23 00:00,Search,557022,51990,4071,1270172.0
2021-10-23 00:00,Social Media,611468,63665,4688,1388888.0
2021-10-24 00:00,Display,680971,71314,5671,1465704.0
2021-10-24 00:00,Email,546766,58575,4317,1209546.0
2021-10-24 00:00,Influencer,654781,66261,5934,1335371.0
2021-10-24 00:00,Search,540403,58878,4950,1338554.0
2021-10-24 00:00,Social Media,555636,59970,4482,1340965.0
2021-10-25 00:00,Display,516399,58524,5136,1242088.0
2021-10-25 00:00,Email,647454,65294,5319,1533862.0
2021-10-25 00:00,Influencer,614513,60367,4523,1426611.0
2021-10-25 00:00,Search,560415,67978,4992,1431165.0
2021-10-25 00:00,Social Media,543390,56289,4955,1370353.0
2021-10-26 00:00,Display,584072,58899,4504,1381774.0
2021-10-26 00:00,Email,566583,58414,4702,1363697.0
2021-10-26 00:00,Influencer,568932,55436,4758,1238887.0
2021-10-26 00:00,Search,562139,60153,4874,1301931.0
2021-10-26 00:00,Social Media,649079,66911,5228,1526864.0
2021-10-27 00:00,Display,574609,58133,4041,1282171.0
2021-10-27 00:00,Email,669003,65979,5270,1459177.0
2021-10-27 00:00,Influencer,681459,68342,5169,1575997.0
2021-10-27 00:00,Search,685528,56759,4525,1418879.0
2021-10-27 00:00,Social Media,535408,50270,3810,1128152.0
2021-10-28 00:00,Display,604072,61048,4975,1426210.0
2021-10-28 00:00,Email,560273,57739,4361,1345989.0
2021-10-28 00:00,Influencer,545181,54475,4243,1196139.0
2021-10-28 00:00,Search,696531,68113,6184,1564755.0
2021-10-28 00:00,Social Media,609539,63558,4859,1300407.0
2021-10-29 00:00,Display,573383,59289,4858,1345845.0
2021-10-29 00:00,Email,680830,64756,5040,1582312.0
2021-10-29 00:00,Influencer,578058,53970,4487,1320996.0
2021-10-29 00:00,Search,553749,57616,4741,1198838.0
2021-10-29 00:00,Social Media,608730,64419,5476,1328227.0
2021-10-30 00:00,Display,601854,59025,5088,1378712.0
2021-10-30 00:00,Email,631962,67895,5766,1427550.0
2021-10-30 00:00,Influencer,605262,62106,5185,1439844.0
2021-10-30 00:00,Search,546853,54876,4251,1348580.0
2021-10-30 00:00,Social Media,492574,50478,4340,1181532.0
2021-10-31 00:00,Display,597786,61594,4725,1517607.0
2021-10-31 00:00,Email,555930,50863,3702,1180614.0
2021-10-31 00:00,Influencer,619825,70900,5698,1551121.0
2021-10-31 00:00,Search,679110,61386,4852,1429665.0
2021-10-31 00:00,Social Media,555254,55795,4251,1233779.0
2021-11-01 00:00,Display,594967,58911,5231,1328624.0
2021-11-01 00:00,Email,534478,57069,4721,1244971.0
2021-11-01 00:00,Influencer,700198,63290,5034,1461120.0
2021-11-01 00:00,Search,603146,62316,5000,1407749.0
2021-11-01 00:00,Social Media,613480,61962,4692,1418955.0
2021-11-02 00:00,Display,694217,65418,5209,1387038.0
2021-11-02 00:00,Email,505572,48758,3873,1152093.0
2021-11-02 00:00,Influencer,585349,51331,4171,1271753.0
2021-11-02 00:00,Search,736016,69280,5848,1528242.0
2021-11-02 00:00,Social Media,661839,63611,4752,1389443.0
2021-11-03 00:00,Display,556681,53652,4146,1219807.0
2021-11-03 00:00,Email,665989,60948,4752,1466058.0
2021-11-03 00:00,Influencer,675553,70691,5086,1618723.0
2021-11-03 00:00,Search,564875,61776,5120,1370061.0
2021-11-03 00:00,Social Media,549391,55075,4207,1294417.0
2021-11-04 00:00,Display,541786,59310,4866,1292233.0
2021-11-04 00:00,Email,603786,62608,4790,1383955.0
2021-11-04 00:00,Influencer,511599,54683,4278,1178975.0
2021-11-04 00:00,Search,616507,64608,5338,1399954.0
2021-11-04 00:00,Social Media,697647,68732,5720,1584639.0
2021-11-05 00:00,Display,578190,60901,5440,1327716.0
2021-11-05 00:00,Email,584991,63630,4751,1390173.0
2021-11-05 00:00,Influencer,665890,65718,5035,1449075.0
2021-11-05 00:00,Search,525452,60066,5067,1326050.0
2021-11-05 00:00,Social Media,516355,49784,4299,1136457.0
2021-11-06 00:00,Display,629166,64098,5102,1509662.0
2021-11-06 00:00,Email,624964,58737,4561,1426868.0
2021-11-06 00:00,Influencer,609675,59149,5131,1375650.0
2021-11-06 00:00,Search,570142,61456,5151,1323976.0
2021-11-06 00:00,Social Media,514523,58474,4394,1301898.0
2021-11-07 00:00,Display,623755,60528,4691,1271523.0
2021-11-07 00:00,Email,601213,53456,4251,1297111.0
2021-11-07 00:00,Influencer,651792,63973,5280,1500356.0
2021-11-07 00:00,Search,640661,52744,4191,1435634.0
2021-11-07 00:00,Social Media,629531,63441,4720,1419935.0
2021-11-08 00:00,Display,609337,61979,4764,1320433.0
2021-11-08 00:00,Email,523725,53937,4580,1174251.0
2021-11-08 00:00,Influencer,692667,68810,5816,1418674.0
2021-11-08 00:00,Search,646769,65526,5409,1499789.0
2021-11-08 00:00,Social Media,595338,55710,4448,1322539.0
2021-11-09 00:00,Display,548716,52817,4122,1223443.0
2021-11-09 00:00,Email,716591,71937,5035,1602130.0
2021-11-09 00:00,Influencer,594445,49610,4488,1338638.0
2021-11-09 00:00,Search,546413,57537,4808,1268359.0
2021-11-09 00:00,Social Media,596731,58657,4279,1365396.0
2021-11-10 00:00,Display,645155,66480,5253,1574470.0
2021-11-10 00:00,Email,656907,62371,4963,1406699.0
2021-11-10 00:00,Influencer,506097,55808,4553,1148942.0
2021-11-10 00:00,Search,628740,57245,4625,1305091.0
2021-11-10 00:00,Social Media,642634,56941,4754,1322186.0
2021-11-11 00:00,Display,540350,54088,4578,1281593.0
2021-11-11 00:00,Email,670147,66898,5579,1532948.0
2021-11-11 00:00,Influencer,600679,59088,4836,1365401.0
2021-11-11 00:00,Search,534219,53310,4451,1344206.0
2021-11-11 00:00,Social Media,648044,61908,4609,1444667.0
2021-11-12 00:00,Display,579870,60574,4822,1404872.0
2021-11-12 00:00,Email,582693,58811,5098,1205837.0
2021-11-12 00:00,Influencer,593986,66062,5496,1402447.0
2021-11-12 00:00,Search,552405,66591,4946,1316138.0
2021-11-12 00:00,Social Media,678555,62075,5139,1399593.0
2021-11-13 00:00,Display,649887,67417,5199,1531932.0
2021-11-13 00:00,Email,562051,51097,4384,1248452.0
2021-11-13 00:00,Influencer,540683,53811,4478,1362669.0
2021-11-13 00:00,Search,624969,61631,5061,1327575.0
2021-11-13 00:00,Social Media,773586,67620,5600,1672307.0
2021-11-14 00:00,Display,748733,70113,5805,1508066.0
2021-11-14 00:00,Email,553324,58308,4793,1252508.0
2021-11-14 00:00,Influencer,521606,50233,3782,1274101.0
2021-11-14 00:00,Search,676479,66194,5778,1426083.0
2021-11-14 00:00,Social Media,566086,60024,4828,1320010.0
2021-11-15 00:00,Display,598409,61000,5178,1459760.0
2021-11-15 00:00,Email,515736,56509,4379,1204648.0
2021-11-15 00:00,Influencer,597442,61301,4535,1376852.0
2021-11-15 00:00,Search,608603,60131,4629,1301058.0
2021-11-15 00:00,Social Media,658523,65852,5226,1426189.0
2021-11-16 00:00,Display,602272,58741,5069,1296709.0
2021-11-16 00:00,Email,521337,52627,3971,1275294.0
2021-11-16 00:00,Influencer,646593,63677,5046,1481068.0
2021-11-16 00:00,Search,609332,59991,4893,1402565.0
2021-11-16 00:00,Social Media,578913,62080,4927,1393122.0
2021-11-17 00:00,Display,551771,54746,4293,1260890.0
2021-11-17 00:00,Email,559747,56334,4449,1296521.0
2021-11-17 00:00,Influencer,720174,65379,4531,1413312.0
2021-11-17 00:00,Search,642470,63759,4981,1525998.0
2021-11-17 00:00,Social Media,637015,62140,4519,1328480.0
2021-11-18 00:00,Display,601831,57282,4480,1318198.0
2021-11-18 00:00,Email,524502,54080,4368,1253445.0
2021-11-18 00:00,Influencer,626852,64745,5292,1417208.0
2021-11-18 00:00,Search,616636,61709,4625,1458041.0
2021-11-18 00:00,Social Media,622460,62120,5235,1379322.0
2021-11-19 00:00,Display,652724,66768,5583,1555575.0
2021-11-19 00:00,Email,584171,56629,4587,1306264.0
2021-11-19 00:00,Influencer,662753,60990,5139,1412093.0
2021-11-19 00:00,Search,602756,55706,4071,1304884.0
2021-11-19 00:00,Social Media,590095,55804,4384,1408760.0
2021-11-20 00:00,Display,680426,64835,5233,1453277.0
2021-11-20 00:00,Email,581648,58979,4749,1352658.0
2021-11-20 00:00,Influencer,565792,54541,4298,1366946.0
2021-11-20 00:00,Search,644843,66482,5437,1518661.0
2021-11-20 00:00,Social Media,478420,48557,3835,1089635.0
2021-11-21 00:00,Display,528947,51968,4216,1143679.0
2021-11-21 00:00,Email,619231,67380,5454,1445183.0
2021-11-21 00:00,Influencer,675602,67470,4974,1519845.0
2021-11-21 00:00,Search,649723,71056,5709,1446453.0
2021-11-21 00:00,Social Media,618491,51323,4385,1300258.0
2021-11-22 00:00,Display,593503,56663,4755,1291751.0
2021-11-22 00:00,Email,575159,57746,4099,1302072.0
2021-11-22 00:00,Influencer,613095,63863,5434,1352675.0
2021-11-22 00:00,Search,601206,58385,4900,1381385.0
2021-11-22 00:00,Social Media,704171,67426,5364,1507738.0
2021-11-23 00:00,Display,649973,62670,5161,1429030.0
2021-11-23 00:00,Email,539760,58487,4843,1303313.0
2021-11-23 00:00,Influencer,651666,66533,5363,1494792.0
2021-11-23 00:00,Search,505691,51469,4039,1205409.0
2021-11-23 00:00,Social Media,606748,66397,5317,1436983.0
2021-11-24 00:00,Display,621858,61058,5049,1400644.0
2021-11-24 00:00,Email,583398,59742,4830,1306448.0
2021-11-24 00:00,Influencer,562672,53985,4481,1224809.0
2021-11-24 00:00,Search,572505,56198,4583,1391157.0
2021-11-24 00:00,Social Media,670577,70579,5888,1487993.0
2021-11-25 00:00,Display,546990,51934,4062,1117471.0
2021-11-25 00:00,Email,622441,68155,5178,1669788.0
2021-11-25 00:00,Influencer,685133,69037,5845,1498406.0
2021-11-25 00:00,Search,595820,59701,4992,1275677.0
2021-11-25 00:00,Social Media,550844,53964,4245,1317775.0
2021-11-26 00:00,Display,545654,58246,4674,1338643.0
2021-11-26 00:00,Email,729144,69099,5200,1642636.0
2021-11-26 00:00,Influencer,723475,62677,4946,1418207.0
2021-11-26 00:00,Search,529072,49550,4202,1228504.0
2021-11-26 00:00,Social Media,577550,51385,4370,1222374.0
2021-11-27 00:00,Display,498943,51423,4447,1146144.0
2021-11-27 00:00,Email,616054,65309,4819,1487195.0
2021-11-27 00:00,Influencer,615556,56381,4734,1430487.0
2021-11-27 00:00,Search,607690,64102,5123,1453645.0
2021-11-27 00:00,Social Media,644756,63355,4896,1458237.0
2021-11-28 00:00,Display,535591,54358,4509,1236676.0
2021-11-28 00:00,Email,572300,59211,4667,1369475.0
2021-11-28 00:00,Influencer,534199,57281,4508,1274607.0
2021-11-28 00:00,Search,624696,58083,4482,1288515.0
2021-11-28 00:00,Social Media,705058,70884,5640,1583833.0
2021-11-29 00:00,Display,621590,62993,5714,1354975.0
2021-11-29 00:00,Email,628728,63240,5237,1621620.0
2021-11-29 00:00,Influencer,560249,57545,4052,1362861.0
2021-11-29 00:00,Search,610202,58791,4835,1267869.0
2021-11-29 00:00,Social Media,553784,59251,4502,1320587.0
2021-11-30 00:00,Display,545801,52254,4420,1303918.0
2021-11-30 00:00,Email,613759,66377,5187,1408433.0
2021-11-30 00:00,Influencer,627044,65617,5014,1512077.0
2021-11-30 00:00,Search,599832,64105,4930,1416758.0
2021-11-30 00:00,Social Media,556508,50159,4125,1264956.0
2021-12-01 00:00,Display,572262,57225,4623,1333422.0
2021-12-01 00:00,Email,582534,59762,4561,1357877.0
2021-12-01 00:00,Influencer,612063,59805,4923,1476004.0
2021-12-01 00:00,Search,583249,60170,4510,1455135.0
2021-12-01 00:00,Social Media,580092,59562,5022,1359624.0
2021-12-02 00:00,Display,657957,64398,5489,1416648.0
2021-12-02 00:00,Email,552370,51143,4361,1136976.0
2021-12-02 00:00,Influencer,682567,61979,4701,1438313.0
2021-12-02 00:00,Search,585603,57734,4371,1391117.0
2021-12-02 00:00,Social Media,632892,59736,5162,1485623.0
2021-12-03 00:00,Display,544146,58717,4998,1242732.0
2021-12-03 00:00,Email,534781,53556,4077,1116962.0
2021-12-03 00:00,Influencer,581816,59089,4216,1322240.0
2021-12-03 00:00,Search,670954,73103,5981,1642256.0
2021-12-03 00:00,Social Media,681456,67702,5549,1440589.0
2021-12-04 00:00,Display,565870,58800,4638,1384766.0
2021-12-04 00:00,Email,600396,56107,4679,1301095.0
2021-12-04 00:00,Influencer,674657,63541,5058,1370121.0
2021-12-04 00:00,Search,553569,54005,4603,1196743.0
2021-12-04 00:00,Social Media,598174,65120,4975,1407871.0
2021-12-05 00:00,Display,669279,63267,4694,1447247.0
2021-12-05 00:00,Email,608304,64763,5159,1367878.0
2021-12-05 00:00,Influencer,550047,53060,4382,1176424.0
2021-12-05 00:00,Search,602301,66177,4995,1346102.0
2021-12-05 00:00,Social Media,561590,57694,4522,1239101.0
2021-12-06 00:00,Display,555224,59190,4563,1260143.0
2021-12-06 00:00,Email,685258,61598,4587,1471337.0
2021-12-06 00:00,Influencer,604105,59409,4465,1408443.0
2021-12-06 00:00,Search,537351,56565,4500,1271730.0
2021-12-06 00:00,Social Media,606765,62806,5396,1447529.0
2021-12-07 00:00,Display,550521,47893,3772,1181913.0
2021-12-07 00:00,Email,613711,57985,4862,1360123.0
2021-12-07 00:00,Influencer,656102,58556,4875,1464230.0
2021-12-07 00:00,Search,757590,69223,5609,1640820.0
2021-12-07 00:00,Social Media,579340,64256,5137,1404707.0
2021-12-08 00:00,Display,679253,67021,5231,1510719.0
2021-12-08 00:00,Email,470907,47290,3783,1085496.0
2021-12-08 00:00,Influencer,659082,70515,5206,1508177.0
2021-12-08 00:00,Search,635909,59867,5212,1397822.0
2021-12-08 00:00,Social Media,596494,57789,4512,1358243.0
2021-12-09 00:00,Display,534843,53791,4731,1262860.0
2021-12-09 00:00,Email,589000,56624,4816,1270483.0
2021-12-09 00:00,Influencer,644174,67133,5365,1483424.0
2021-12-09 00:00,Search,650386,64648,5527,1489498.0
2021-12-09 00:00,Social Media,625658,63069,4933,1376508.0
2021-12-10 00:00,Display,656860,65964,5176,1462347.0
2021-12-10 00:00,Email,676550,68262,5249,1567124.0
2021-12-10 00:00,Influencer,607119,62044,4503,1465883.0
2021-12-10 00:00,Search,516407,56008,4490,1169076.0
2021-12-10 00:00,Social Media,527165,44714,3804,1166678.0
2021-12-11 00:00,Display,626260,65775,5413,1432426.0
2021-12-11 00:00,Email,620304,62943,5183,1341196.0
2021-12-11 00:00,Influencer,632246,64652,5084,1376657.0
2021-12-11 00:00,Search,662936,59532,4924,1356827.0
2021-12-11 00:00,Social Media,484869,49253,4033,1303229.0
2021-12-12 00:00,Display,638850,56308,4481,1432954.0
2021-12-12 00:00,Email,641704,65514,5577,1535079.0
2021-12-12 00:00,Influencer,623571,58705,4550,1393454.0
2021-12-12 00:00,Search,617661,63746,5096,1293299.0
2021-12-12 00:00,Social Media,526620,53296,4465,1203870.0
2021-12-13 00:00,Display,623558,66999,5170,1539014.0
2021-12-13 00:00,Email,656174,65045,5006,1561685.0
2021-12-13 00:00,Influencer,555876,52864,4332,1173263.0
2021-12-13 00:00,Search,558730,54873,4297,1345311.0
2021-12-13 00:00,Social Media,626566,55802,4612,1305698.0
2021-12-14 00:00,Display,605570,63907,4890,1389873.0
2021-12-14 00:00,Email,670871,64850,5155,1544239.0
2021-12-14 00:00,Influencer,578401,60340,5102,1330271.0
2021-12-14 00:00,Search,582194,51378,4188,1218108.0
2021-12-14 00:00,Social Media,570092,60889,5160,1254715.0
2021-12-15 00:00,Display,612285,60699,4787,1375552.0
2021-12-15 00:00,Email,658294,65740,5684,1587710.0
2021-12-15 00:00,Influencer,525560,54239,3896,1134586.0
2021-12-15 00:00,Search,575593,60139,4862,1351309.0
2021-12-15 00:00,Social Media,614439,58169,4637,1318394.0
2021-12-16 00:00,Display,630695,62612,4850,1498674.0
2021-12-16 00:00,Email,550918,54892,4382,1277553.0
2021-12-16 00:00,Influencer,552897,53744,4374,1292535.0
2021-12-16 00:00,Search,696813,63165,5100,1639491.0
2021-12-16 00:00,Social Media,490816,47905,4153,1156581.0
2021-12-17 00:00,Display,644652,63549,4790,1449266.0
2021-12-17 00:00,Email,675999,63992,5373,1508505.0
2021-12-17 00:00,Influencer,551339,49799,3536,1294302.0
2021-12-17 00:00,Search,630914,62913,5457,1360872.0
2021-12-17 00:00,Social Media,570638,53387,4116,1243777.0
2021-12-18 00:00,Display,544644,59050,4680,1349881.0
2021-12-18 00:00,Email,488196,45607,3549,1100408.0
2021-12-18 00:00,Influencer,644193,66638,5070,1518911.0
2021-12-18 00:00,Search,628337,66299,5434,1558586.0
2021-12-18 00:00,Social Media,623021,58857,4484,1384773.0
2021-12-19 00:00,Display,551866,57150,4857,1193524.0
2021-12-19 00:00,Email,627062,64416,4526,1471442.0
2021-12-19 00:00,Influencer,531011,53865,4550,1249240.0
2021-12-19 00:00,Search,726780,69543,5894,1569535.0
2021-12-19 00:00,Social Media,612451,61359,5036,1310319.0
2021-12-20 00:00,Display,580859,64327,5024,1442580.0
2021-12-20 00:00,Email,554967,61187,4902,1199309.0
2021-12-20 00:00,Influencer,552146,55073,4716,1213781.0
2021-12-20 00:00,Search,567744,57663,4291,1352725.0
2021-12-20 00:00,Social Media,731443,68466,5387,1532693.0
2021-12-21 00:00,Display,578390,54718,4113,1304093.0
2021-12-21 00:00,Email,563123,55349,4189,1330847.0
2021-12-21 00:00,Influencer,648151,64776,5320,1525234.0
2021-12-21 00:00,Search,578764,54871,4411,1310994.0
2021-12-21 00:00,Social Media,588431,66843,5189,1539165.0
2021-12-22 00:00,Display,497781,50355,3760,1109179.0
2021-12-22 00:00,Email,665193,58546,4252,1514114.0
2021-12-22 00:00,Influencer,668294,61936,5062,1395467.0
2021-12-22 00:00,Search,598306,61179,5007,1402228.0
2021-12-22 00:00,Social Media,592852,56347,4567,1445877.0
2021-12-23 00:00,Display,744276,67454,5786,1657027.0
2021-12-23 00:00,Email,473835,54413,4578,1242854.0
2021-12-23 00:00,Influencer,670720,69043,5509,1503497.0
2021-12-23 00:00,Search,533758,43304,3732,1137808.0
2021-12-23 00:00,Social Media,611957,60771,5080,1338497.0
2021-12-24 00:00,Display,656250,66131,5457,1521067.0
2021-12-24 00:00,Email,531402,48760,3747,1257238.0
2021-12-24 00:00,Influencer,641923,64315,5130,1464930.0
2021-12-24 00:00,Search,566691,54907,4115,1310221.0
2021-12-24 00:00,Social Media,649334,70967,5778,1478283.0
2021-12-25 00:00,Display,672161,68101,5793,1476491.0
2021-12-25 00:00,Email,585080,56561,4192,1188401.0
2021-12-25 00:00,Influencer,673861,70990,5414,1579937.0
2021-12-25 00:00,Search,566286,60428,4910,1440157.0
2021-12-25 00:00,Social Media,536113,57066,4713,1222333.0
2021-12-26 00:00,Display,537096,54245,4239,1152656.0
2021-12-26 00:00,Email,565287,56458,4539,1314885.0
2021-12-26 00:00,Influencer,617567,58842,4188,1380601.0
2021-12-26 00:00,Search,632171,57983,4524,1375207.0
2021-12-26 00:00,Social Media,701556,70834,5474,1499494.0
2021-12-27 00:00,Display,668876,66113,5099,1477372.0
2021-12-27 00:00,Email,645627,61407,5169,1413060.0
2021-12-27 00:00,Influencer,638915,66415,5338,1510400.0
2021-12-27 00:00,Search,628851,57812,4352,1394836.0
2021-12-27 00:00,Social Media,505604,51125,3949,1163172.0
2021-12-28 00:00,Display,489354,51326,4197,1152443.0
2021-12-28 00:00,Email,627727,65940,5118,1544643.0
2021-12-28 00:00,Influencer,695987,69532,5898,1508498.0
2021-12-28 00:00,Search,562958,57284,4909,1403267.0
2021-12-28 00:00,Social Media,580812,57380,4387,1342088.0
2021-12-29 00:00,Display,557945,55266,4063,1264631.0
2021-12-29 00:00,Email,596279,63015,4958,1497900.0
2021-12-29 00:00,Influencer,556259,52987,4319,1231989.0
2021-12-29 00:00,Search,673247,70700,5726,1388042.0
2021-12-29 00:00,Social Media,612337,58829,5159,1468554.0
2021-12-30 00:00,Display,718850,66729,5579,1609801.0
2021-12-30 00:00,Email,591730,57160,4813,1309298.0
2021-12-30 00:00,Influencer,556598,64249,5389,1371782.0
2021-12-30 00:00,Search,517252,47246,3917,1125155.0
2021-12-30 00:00,Social Media,685326,69120,5202,1470546.0
2021-12-31 00:00,Display,585239,60562,5149,1325264.0
2021-12-31 00:00,Email,572902,57781,4761,1274338.0
2021-12-31 00:00,Influencer,598669,62240,4764,1511966.0
2021-12-31 00:00,Search,649194,60304,4635,1407194.0
2021-12-31 00:00,Social Media,537620,53427,4085,1285227.0
